Workbook
Name Slicer_סוג_תחנה: #REF!
Name Slicer_מנה_פ: #REF!
Name Slicer_סוג_תחנה1: #REF!
Name Slicer_סטטוס_הפרויקט_על_ציר_הזמן1: #REF!
Name Slicer_לדיווח: #REF!
Name Slicer_סיכון: #REF!
Name Slicer_מנה_פ1: #REF!
Name Slicer_חסם: #REF!
Name Slicer_סטטוס_הפרויקט_על_ציר_הזמן: #REF!
Name Slicer_לטיפול: #REF!
Name Slicer_חסם1: #REF!
Name Slicer_תו_ב: #REF!
Name SlicerCache_Table_1_Col_4: #N/A
Name SlicerCache_Table_1_Col_5: #N/A
Name SlicerCache_Table_1_Col_6: #N/A
Name SlicerCache_Table_1_Col_10: #N/A
Name SlicerCache_Table_1_Col_25: #N/A
Name SlicerCache_Table_1_Col_26: #N/A

Sheet דוח שבועי עדכני
A2: לדיווח | B2: זיהוי | C2: שם הפרויקט | D2: סוג תחנה | E2: מנה"פ | F2: תו"ב | G2: יעד תכנית פיתוח | H2: יעד חשמול מסתמן | I2: סיכון | J2: סטטוס הפרויקט על ציר הזמן | K2: זיהוי2 | L2: פירוט שבועי דוח קודם 7.1 | M2: פירוט שבועי 14.1 | N2: פירוט שבועי 21.1 | O2: פירוט שבועי 28.1 | P2: פירוט שבועי 04.02.26 | Q2: פירוט שבועי 11.02.26 | R2: פירוט שבועי 18.02.26 | S2: פירוט שבועי 25.02.2026 | T2: פירוט שבועי 04/03/2026 | U2: פירוט שבועי 11/03/2026 | V2: פירוט שבועי 18/03/2026 | W2: פירוט שבועי 25/03/2026 | X2: פירוט סיכונים וחסמים עיקריים | Y2: לטיפול | Z2: לטיפול נוסף (במידה ונדרש) | AA2: עמודה1
A3: כן | B3: WBC-064 | C3: רעות - הקמת תחמ"ש פנימית 161/24 ק"ו | D3: הקמה | E3: אוברקוביץ, ענת | F3: סויסה ענת | G3: 46934 | H3: 46934 | J3: קבלת היתר | K3: ="WBS: " & B3 & CHAR(10) & "שם פרויקט: " & C3 & CHAR(10) & "מנה״פ: " & E3 & CHAR(10) & "יעד תכנית פיתוח: " & TEXT(G3,"dd/mm/yyyy") & CHAR(10) & "יעד מסתמן: " & TEXT(H3,"dd/mm/yyyy") -> WBS: WBC-064 שם פרויקט: רעות - הקמת תחמ"ש פנימית 161/24 ק"ו מנה״פ: אוברקוביץ, ענת יעד תכנית פיתוח: 30/06/2028 יעד מסתמן: 30/06/2028 | M3: התקבלה תשובה מהועדה.בשלב השלמת בקרת תכן. החל תהליך חישוף השטח ע"י רשות העתיקות .כריתת עצים הושלמה. הוצאו חסמים של בזק, מקורות עבור דרך הגישה. פועלים להסדרת נושא חיבור מים מול תאגיד מי מודיעין. שטח התארגנות: מאחר שאין אפשרות להסדיר שטחי התארגנות מחוץ לגבולות המגרש, נדרש להתארגן בתוך שטח התחנה - ככל הנראה באזור השנאים ובשטח הנכסי. מצב זה עלול ליצור עיכובים בהמשך, שכן במהלך העבודות יידרש להזיז את המכולות, מה שעשוי להשפיע על עמידה בלוחות הזמנים ובמועדי המסירה. | N3: המשך ביצוע עבודות חפירות ובדיקות בשטח של רשות העתיקות, כולל חפירות ארכיאולוגיות ידניות. תואם פגישה לבחינת לו"ז וסטטוס לתאריך 21.01 כולל עם נציג רט"ג בשל צורך בהשלמת חישוף השטח . המשך טיפול מול מנר"א בנושא תשלום דמי ההקמה וחיבור המים לאתר. השלמת כתב הכמויות 15.01.26. התוכניות נשלחו להדפסה לצורך בדיקת פיקוח בתאריך 19.01. התקבלה אגרת תשלום לבדיקת הכבאות לתחמ"ש רעות בשלב היתר הבניה-השטח מאושר. המשך השלמת תנאי בקרת תכן. | O3: נמשכות עבודות רשות העתיקות בשטח. הערכת זמן נותר כשבועיים. במקביל מתקיים שיח עם רט"ג בנושא חישוף השטח ושמירה על ערכי טבע מוגנים על מנת לקבל אישור מהם. אישור כבאות נשלח לאחר הערות, צפי קבלת אישור אם לא ינתנו הערות נוספות 20.2. נמשך טיפול מול מנר"א בנושא תשלום דמי ההקמה וחיבור המים לאתר. תוכניות הודפסו, נקבעה ישיבת RFT ל 8.2 | P3: לבקשת רשות העתיקות בוצעו מדידות בשטח של כביש הגישה. עבודתם נמשכת גם השבוע. במהלך המדידות התברר כי לא בוצעה כריתה של כלל העצים. המידע הועבר לפיקוח ויש להחזיר את הקבלן לשטח. ב 02.02 התקיימה פגישה בשטח עם רט"ג והסדרה סביבתית בנוגע לערכי טבע הקיימים ודרישותיהם. מנר"א העבירו התייחסות מפורטת בנושא תשלום דמי הקמה וחיבור המים לאתר. מחכים לתגובת התאגיד. תקבע פגישה בנושא. תוכניות מודפסות הועברו לפיקוח. ישיבת RFT תזוז מעט על מנת לאפשר זמן להערות. | Q3: מחכים לאישור מרשות העתיקות לשחרור השטח. לדבריהם ייקח מספר ימים.ולא תהיה מגבלה. קבלן כריתת עצים יחזור לכריתה ופינוי הגזם בשבוע הזה. רט"ג מבקשים מאיתנו לבצע חישוף לכלל השטח ובנוסף לפנות את ערימות החישוף הנמצאות בשטח ולשטח אותן בגובה נמוך על מנת למנוע רקבון של הזרעים. הגזם הנמצא בשטח מפריע למציאת שטח לטובת הקצאת אזור מיועד לשימור קרקע לשימור ולכן נמתין לפינוי הגזם ונקבל החלטה. יעד שבוע הבא. תאגיד המים החזיר תשובה כי אין בסמכותו לפרוץ את הדרך שהציע לחיבור מים ולכן אנו בודקים מול התכנון האם ניתן להעביר את הצנרת לאורך תוואי הכביש המתוכנן בדרך אותה אנו פורצים ומסדרים בכל מקרה. בהתאם תוחזר תשובה לתאגיד ונבקש תיאום תכנון. ישיבת RFT נקבעה ליום חמישי 12.02 | R3: רשות העתיקות - התקבל אישור. יידרשו מספר ימי פיקוח בתחילת עבודות הבנייה. פינוי גזם העצים יתבצע במהלך השבוע. לאחר מכן נבצע חשיבה עם רט"ג ופיקוח למציאת שטח לטובת אחסון הקרקע לשימור. תאגיד המים - נושא חיבור המים לתחמ"ש נמצא בשיח מול התאגיד. הוצע לחבר את השטח לאורך כביש הגישה אותו חח"י פורצת ומסדירה. מחכים לתגובתם. בוצעה ישיבת RFT. לקראת סוף שבוע, הוגדר כי יש להעביר הערות נוספות להתייחסויות עד 16.02 ולאחר מכן סוף שבוע, תחילת שבוע הבא התוכניות ישלחו למכרזים. כביש גישה - היתר הבנייה הוא עבור התחמ"ש וכביש הגישה יחד. עבודה על כביש הגישה היא נתיב קריטי שחייבת להתבצע בשלב הראשון של העבודות כיוון שהמושב אינו מסכים שנעבור בשטחיו לטובת כניסה לשטח. את הסדרת הצומת עם כביש 443 חברת נת"י מבקשת לבצע לאחר שחח"י תשלם. הועברו אליהם תוכניות לטובת קבלת אומדן. בנוסף, נקבעה ישיבה עם יו"ר המושב על מנת לנסות למצוא פתרון נוסף לכניסה דרך השטח שלהם למספר חודשים עד להסדרת הכביש. | S3: פינוי גזם העצים ממשיך השבוע. לאחר מכן נבצע חשיבה עם רט"ג ופיקוח למציאת שטח לטובת אחסון הקרקע לשימור. תאגיד המים - נושא חיבור המים לתחמ"ש נמצא בשיח מול התאגיד. הוצע לחבר את השטח לאורך כביש הגישה אותו חח"י פורצת ומסדירה. נקבעה פגישה ברביעי 26.02 מולם. בוצעה ישיבת RFT. הוגדר כי יש להעביר הערות נוספות להתייחסויות עד 16.02 . נכון להיום מחכים לפיקוח אזרחי להערות. ניתן יעד העברה לרכש עד 05.03. כביש גישה - היתר הבנייה הוא עבור התחמ"ש וכביש הגישה יחד. עבודה על כביש הגישה היא נתיב קריטי שחייבת להתבצע בשלב הראשון של העבודות כיוון שהמושב אינו מסכים שנעבור בשטחיו לטובת כניסה לשטח. את הסדרת הצומת עם כביש 443 חברת נת"י מבקשת לבצע לאחר שחח"י תשלם. הועברו אליהם תוכניות לטובת קבלת אומדן. בנוסף, נקבעה ישיבה עם יו"ר המושב על מנת לנסות למצוא פתרון נוסף לכניסה דרך השטח שלהם למספר חודשים עד להסדרת הכביש.פגישה נוספת מתקיימת ביום חמישי הקרוב (26.02) מול נציגי המושב. | T3: גזם - העבודה לא הסתיימה. נשאר פינוי של מספר ערמות מהשטח. רט"ג - תבוצע חשיבה עם סיום פינוי הגזם למיקום ערמות הקרקע לשימור. תאגיד המים-בוצע זום עם המנכ"ל. העברנו להם חומרים שביקשו במייל מחכים לתגובתם. צומת מכביש 443-מתנהלים מול נת"י, מחכים לבדיקת התוכניות וקבלת אומדן לעבודה. במקביל בוצעה פגישה עם מזכיר האגודה לבחינה נוספת מצידם לכניסה באופן זמני לתחילת העבודות מהכביש הקיים העובר דרך המושב. תשובה סופית תינתן תוך כשבוע. עדיין מחכים לפיקוח אזרחי לאישור תוכניות והערות סוף השבוע יעד אחרון. | U3: גזם - העבודה לא הסתיימה. נשאר פינוי של מספר ערמות מהשטח, עיכוב בשל המלחמה/גשם. רט"ג - תבוצע חשיבה עם סיום פינוי הגזם למיקום ערמות הקרקע לשימור. תאגיד המים-מנכ"ל מי מודיעין העביר היום התייחסות לשתי האפשריות שהועלו בזום המשותף. נדרש לקיים דיון. כמו כן ניתנה התייחסות לכך שנדרש לבצע חישוב חדש לדמי הקמה. הובטח שישלח בימים הקרובים. צומת מכביש 443-מתנהלים מול נת"י, מחכים לבדיקת התוכניות וקבלת אומדן לעבודה. במקביל בוצעה פגישה עם מזכיר מושב כפר רות לבחינה נוספת מצידם לכניסה באופן זמני לתחילת העבודות מהכביש הקיים העובר דרך המושב. ממתינים לתשובתם לקידום הנושא. RFT סופי נדרש לקבל ב 12/03. בוצעה ישיבה לקביעת מיקום חיבור חשמל זמני. יציאות מ"ג - באחריות תכנון להעביר התייחסות לאור בקשתם לשנות כיוונים וכמויות שתוכננו. סוכם כי שינוי בנספח סביבתי יהיה רק לאחר הקמת היתר בנייה. | V3: גזם - העבודה לא הסתיימה. נשאר פינוי של מספר ערמות מהשטח, עיכוב בשל המלחמה/גשם, קק"ל לא מאשרים כניסה. . רט"ג - תבוצע חשיבה עם סיום פינוי הגזם למיקום ערמות הקרקע לשימור. תאגיד המים-מנכ"ל מי מודיעין העביר התייחסות לשתי האפשריות שהועלו בזום (חיבור לאורך כביש הגישה או חיבור בהמצאות הנחה/קידוח בתא שטח שלא בבעלות אף גורם). יישלח מיל למנהל אגף להחלטה. התקבל חישוב חדש לדמי הקמה ללא היטל לחיבור ביוב. צומת מכביש 443-מתנהלים מול נת"י, מחכים לבדיקת התוכניות וקבלת אומדן לעבודה. במקביל בוצעה פגישה עם מזכיר מושב כפר רות לבחינה נוספת מצידם לכניסה באופן זמני לתחילת העבודות מהכביש הקיים העובר דרך המושב. ממתינים לתשובתם הסופית לקידום הנושא. כעיקרון ניתנה הסכמה, מבקשים סידור של דרכים נוספות, תיקבע פגישה מול מזכיר האגודה יחד עם פיקוח בניין בהקדם. RFT סופי נשלח, יש עדיין בקשה לתיקונים מצד בקרת חוזים בוצעה ישיבה לקביעת מיקום חיבור חשמל זמני. יציאות מ"ג - סוכם כי שינוי בנספח סביבתי יהיה רק לאחר קבלת היתר בנייה. | W3: גזם - העבודה לא הסתיימה. נשאר פינוי של מספר ערמות מהשטח, עיכוב בשל המלחמה/גשם, קק"ל לא מאשרים כניסה. . רט"ג - תבוצע חשיבה עם סיום פינוי הגזם למיקום ערמות הקרקע לשימור. תאגיד המים-נסיון לקדם את החלופה של חיבור מים לאורך הכביש. ישנו דין ודברים מול מנר"א ותאגיד המים לגבי סוגיות תשלום. הועברו תוכניות של הכביש לתאגיד המים. צומת מכביש 443-מתנהלים מול נת"י, מחכים לבדיקת התוכניות וקבלת אומדן לעבודה. במקביל בוצעה פגישה עם מזכיר מושב כפר רות לבחינה נוספת מצידם לכניסה באופן זמני לתחילת העבודות מהכביש הקיים העובר דרך המושב. כמו כן, בוצעה פגישה מולם לבחינת עבודות נוספות שמבקשים לבצע במקום פיצוי כספי. כעיקרון ניתנה הסכמה,מחכים לתצ"א/תוכנית מדידה מסודרת לדרכים הנדרשות להסדרה וכן למכתב מסודר עם בקשתם. RFT סופי נשלח, ינדרש לקדם נספח 5 בהקדם. בטיפול מול בוריס. יציאות מ"ג - סוכם כי שינוי בנספח סביבתי יהיה רק לאחר קבלת היתר בנייה. התקבל אישור כיבוי אש ואישור תשתיות עבור ההיתר. | X3: 1. חיבור מים למגרש - בשיח מול התאגיד למציאת פתרון והורדת החסם לאישור נספח סניטרי . 2. שטח התארגנות מצומצם רק בשטח העבודות בלבד. 3. קבלת היתר לפי לו"ז מתוכנן (אישור כיבוי אש, אישור רמ"י, אישור נספח סניטרי). 4. מכרז לבחירת קבלן בשל עיכובים ברכש. 5. עבודות חפירה ודיפון משמעותיות שיכולות להאריך את העבודה. 6. כביש גישה - חסם עיקרי כרגע! לא ניתן להתחיל עבודות בשטח ללא הסדרת דרך גישה. | Y3: חסם לטיפול מנהל מגזר בפיקוח
A4: כן | B4: WBE-158 | C4: ראש העין-הוספת שנאי 521 והרחבת פ"צ 161 | D4: הרחבה | E4: אוברקוביץ, ענת | F4: סויסה ענת | G4: 46111 | H4: 46264 | J4: הרכבה חשמלית | K4: ="WBS: " & B4 & CHAR(10) & "שם פרויקט: " & C4 & CHAR(10) & "מנה״פ: " & E4 & CHAR(10) & "יעד תכנית פיתוח: " & TEXT(G4,"dd/mm/yyyy") & CHAR(10) & "יעד מסתמן: " & TEXT(H4,"dd/mm/yyyy") -> WBS: WBE-158 שם פרויקט: ראש העין-הוספת שנאי 521 והרחבת פ"צ 161 מנה״פ: אוברקוביץ, ענת יעד תכנית פיתוח: 30/03/2026 יעד מסתמן: 30/08/2026 | M4: הגיע מייל מ GE כי צפי להגעת ציוד להרחבת מסדר 161 הינו 03/26. הרכבת תמיכות - בתהליך. שנאי נמצא בתחנה, מלא בשמן. | N4: בוצעה ישיבה מול נציגי GE להבנת לו"ז הפרויקט מבחינתם וסטטוס קבלת ציוד. רוב הציוד מוכן למשלוח, ישנו פרט שנדרש לייצר מחדש ע"פ המייל שהגיע-מחכים להתייחסות למשמעות חלק זה . יש לבחון בהתאם ללו"ז הגעת הציוד את תחילת עבודות המומחה בשטח (אמצע מרץ/לאחר פס 12.4). תתואם ישיבת המשך מול GE. | O4: מתאמים כעת עם כלל הגורמים, כדי שנוכל להתכנס לתחילת העבודות מיד לאחר פסח, בתאריך 12.4, וכן לתת ל‑GE אישור להגעת המומחה במועד זה | P4: מתאמים כעת עם כלל הגורמים, כדי שנוכל להתכנס לתחילת העבודות מיד לאחר פסח, בתאריך 12.4, וכן לתת ל‑GE אישור להגעת המומחה במועד זה | Q4: מתאמים כעת עם כלל הגורמים, כדי שנוכל להתכנס לתחילת העבודות מיד לאחר פסח, בתאריך 12.4, וכן לתת ל‑GE אישור להגעת המומחה במועד זה. ברביעי 11.02 תתקיים ישיבה עם נציג היצרן. נבקש תשובות בנושא לו"ז להגעת הציוד ומוכנותו, לו"ז הגעת מומחים | R4: ממשיכים תיאומים מול GE. נכון ל 16.02 הציוד עדיין לא נשלח לארץ. ממתינים לעדכון. תאריך לתחילת העבודה והגעת מומחה הינו 12.4 נכון לעכשיו. מתבצע תיאום בין העבדות הנדרשות לביצוע ב DCS בין GE ל ABB. מיקי מלכה צפוי לחזור לעבודה באתר החלמתאריך 22.02 לטובת השלמת הרכבת תמיכות מ"ע. לאחר מכן תתואם מול רת"ק העבודה. | S4: ממשיכים תיאומים מול GE. נכון ל 23.02 הציוד עדיין לא נשלח לארץ. ממתינים לעדכון מהרכש. תאריך לתחילת העבודה והגעת מומחה הינו 12.4 נכון לעכשיו. מתבצע תיאום בין העבדות הנדרשות לביצוע ב DCS בין GE ל ABB. השלמת הרכבת תמיכות מ״ע מתעכבת עקב כניסת עבודות דחופות יותר, הדוחקות את הפרויקט בסדר העדיפויות.ניתן לקדם חלק משמעותי מהעבודה כבר כעת, אך בפועל קיים קושי לתאם ולזרז את הצוותים כל עוד המשאבים מופנים לפרויקטים דחופים אחרים. לאחר סיום הרכבת תמיכות יתואם מול רת״ק, כיבוי אש המשך הביצוע. | T4: נמשכו תיאומים השבוע מול GE . נכון ל 2.3.26, הציוד לא נשלח עדיין לארץ. בנוסף, התקבל מייל מGE כי מבקשים לדחות הגעת המומחה לתחילת מאי. הנושא בבחינה מול מגזר ביצוע לקבלת התייחסות בהתאם לסדרי עדיפויות שיוגדרו לפרויקטים. | U4: עדיין מחכים לעדכון מGE ורכש לשליחת ציוד מסדר 161 לארץ. בתיאום מול הרכבה חשמלית ויחידת התחמ"ש סוכם לאשר לGE הגעת מומחה ב 03.05. אך GE הודיעו שכרגע לא יכולים לתת תאריכים מעודכנים ותמיכה עד לסיום המלחמה. תמיכות מ"ג/מ"ע - עבודה מתבצעת השבוע בתקווה לסיים תוך שבוע. | V4: GE העבירו packing list לרכש ב 12/3. בתיאום מול הרכבה חשמלית ויחידת התחמ"ש סוכם לאשר לGE הגעת מומחה ב 03.05. אך GE הודיעו שכרגע לא יכולים לתת תאריכים מעודכנים ותמיכה עד לסיום המלחמה. תמיכות מ"ג/מ"ע - עבודה מתבצעת השבוע בתקווה לסיים תוך שבוע. | W4: ללא שינוי משבוע קודם. מחכים לסטטוס משלוח ציוד מהרכש. הובלה באחריות חח"י. בבדיקה מול המרחב למתי דרושות הזמנות חיבור מ"ג. מחכים לתשובות על מנת האם לקדם פרויקט חיבור מסדר 24 חדש לשנאים קיימים. הפרויקט לא הוכנס לסידור העבודה של הרת"ק. בוצעה התערבות מצד הנהלת החטיבה. | X4: 1. לא ניתן לעמוד ביעד תכנית הפיתוח. הועברה בקשה לשינוי ל 08/26 2. הגעת הציוד לארץ עד מאי 3. סיום עבודות מקדימות למניעת לחץ מיותר עם הגעת המומחה לארץ - האם העבודות יבוצעו ללא מומחה. תידרש בחינה | Y4: חסם לטיפול מנהל מגזר ביצוע | AD4: ="WBS: " & B4 & CHAR(10) & "שם פרויקט: " & D4 & CHAR(10) & "מנה״פ: " & E4 & CHAR(10) & "יעד תכנית פיתוח: " & TEXT(G4,"dd/mm/yyyy") & CHAR(10) & "יעד מסתמן: " & TEXT(H4,"dd/mm/yyyy") -> WBS: WBE-158 שם פרויקט: הרחבה מנה״פ: אוברקוביץ, ענת יעד תכנית פיתוח: 30/03/2026 יעד מסתמן: 30/08/2026
B5: WBE-188 | C5: אור יהודה -התקנת שנאי רביעי 161/24 ק"ו, 50 מגוו"א וסוללת קבלים | D5: הרחבה | E5: אוברקוביץ, ענת | F5: סויסה ענת | G5: 46752 | H5: 46751 | J5: הקפאת תצורה | K5: ="WBS: " & B5 & CHAR(10) & "שם פרויקט: " & C5 & CHAR(10) & "מנה״פ: " & E5 & CHAR(10) & "יעד תכנית פיתוח: " & TEXT(G5,"dd/mm/yyyy") & CHAR(10) & "יעד מסתמן: " & TEXT(H5,"dd/mm/yyyy") -> WBS: WBE-188 שם פרויקט: אור יהודה -התקנת שנאי רביעי 161/24 ק"ו, 50 מגוו"א וסוללת קבלים מנה״פ: אוברקוביץ, ענת יעד תכנית פיתוח: 31/12/2027 יעד מסתמן: 30/12/2027 | M5: נכון לעכשיו, מקדמים התקנת מסדר מ"ג וחיבורו בעזרת שדות מקשרים למסדרי מ"ג קיימים (WBM-10562-ST1) .. המסדר הורכב. הוחלט לקדם בשלב זה את הפרויקט עם ייצור ארונות הגנה של ABB לטובת חשמול ב 06/26 ע"פ החלטת סמנכ"ל שירותי רשת. ארונות הגנה 01/26. תכנון חשמל מפורט 11/25.יש להתארגן להחזרת הרכבה חשמלית לעבודה בתיאום עם יחידת התחמ"ש בסוף ינואר. בוצעה ישיבה לשינוי תכולות ב 24.12.25. הועבר להמשך טיפול גיל חזום. לגבי הפרויקט הספציפי של החלפת השנאי, יעד כרגע לקבלת תכניות אלקטרומכניות 01.26. תתואם ישיבה להתנעת הפרויקט במקביל לישיבת שינוי תכולות כלל הפרויקטים בתחנה זו בתחילת ינואר | N5: תכולות הפרויקטים באור יהודה עודכנו. תתואם בהקדם ישיבת התנעת הפרויקט. | O5: צריך לקבל תיעדוף תכנון לקבלת תכניות מעודכנות וכתב כמויות . מתוכננת ישיבת התנעה בפברואר | P5: פרויקט מקדים (WBM-10562-ST1) בביצוע. מסדר מ"ג נבדק כעת ע"י מדור בדיקות. במקביל מתואמת המשך עבודה מול הרכבה חשמלית ויחידת התחמ"ש. שאר תכולות הפרויקטים עודכנו מול נגה ומול כל הגורמים (תפעול השנאה, תחמ"ש) ומתוכננת ישיבת התנעה במהלך החודש (בתיאום מול תכנון א"מ) להמשך שאר העבודות באשכול הפרויקטים בתחנה. נתנה התייחסות ממגזר תכנון ליעד כתב כמויות 08.2026. | Q5: פרויקט מקדים WBM-10562-ST1, מדור בדיקות סיים. צוות מבדקת תחמ"ש נכנס לעבודה לבדיקות מ"ז על מנת לאתר ליקויים ולהזמין את אפקון להמשך עבודה. הרכבה חשמלית תכנס החל מיום רביעי לעבודה להרכבת ארונות הגנה. עבור המשך העבודות באשכול הפרויקטים, יצאה פנייה מתכנון אלקטרומכני לקבלת סכימת חיבור מעודכנת ובהתאם ועם קבלת תשובות תתואם ישיבת התנעת פרויקט. | R5: פרויקט מקדים WBM-10562-ST1, מדור בדיקות סיים. צוות מבדקת תחמ"ש נכנס לעבודה לבדיקות מ"ז אפקון מוזמנים ב 19.02 לתיקון ליקויים. הרכבה חשמלית נמצאת באתר להרכבת ארונות הגנה. עבור המשך העבודות באשכול הפרויקטים, יצאה פנייה מתכנון אלקטרומכני לקבלת סכימת חיבור מעודכנת ובהתאם ועם קבלת תשובות תתואם ישיבת התנעת פרויקט. | S5: מתבצעות עבודות עבור פרויקט מקדים WBM-10562-ST1. נקבעה ישיבת התנעת פרויקט WBE-188 לתאריך 22.03 | T5: מתבצעות עבודות עבור פרויקט מקדים WBM-10562-ST1. נקבעה ישיבת התנעת פרויקט WBE-188 לתאריך 22.03 | U5: מתבצעות עבודות הרכבה חשמלית ומבדקת תחמ"ש עבור פרויקט מקדים WBM-10562-ST1 (היתה מעט פעילות השבוע בעקבות המלחמה וצורך בבודקים עבור ניידות חירום). נקבעה ישיבת התנעת פרויקט WBE-188 לתאריך 22.03 | V5: מתבצעות עבודות הרכבה חשמלית ומבדקת תחמ"ש עבור פרויקט מקדים WBM-10562-ST1 . על מנת להמשיך בעבודות ובמסירה של ה.חשמלית נדרש שאפקון יגיעו לתיקון ליקויים. הנושא מתעכב בשל סקר סיכונים לא תקין שנשלח ע"י אפקון מה שמונע ממונה בטיחות לאשר את קיום העבודה. מנהל המגזר מעורב. נקבעה ישיבת התנעת לפרויקט WBE-188 לתאריך 22.03 - הישיבה תידחה. תכנון ראשוני עוד לא מוכן. | W5: מתבצעות עבודות הרכבה חשמלית ומבדקת תחמ"ש עבור פרויקט מקדים WBM-10562-ST1 . קבלן חיווט של הרכבה חשמלית עובד בתחנה. תואם מול הרכבה חשמלית תיקון ליקויים אפקון בתאריך 19/4. בודקים של יחידת התחמ"ש יכנסו לעבודה החל מ 12/4. נקבעה ישיבת התנעת לפרויקט WBE-188 לאחר חג הפסח. | X5: עמידה בלו"ז. הגעת ציוד מסדר 161 ק"ו בזמן. | Y5: חסם לטיפול מנהל מגזר תכנון | AD5: ="WBS: " & B5 & CHAR(10) & "שם פרויקט: " & D5 & CHAR(10) & "מנה״פ: " & E5 & CHAR(10) & "יעד תכנית פיתוח: " & TEXT(G5,"dd/mm/yyyy") & CHAR(10) & "יעד מסתמן: " & TEXT(H5,"dd/mm/yyyy") -> WBS: WBE-188 שם פרויקט: הרחבה מנה״פ: אוברקוביץ, ענת יעד תכנית פיתוח: 31/12/2027 יעד מסתמן: 30/12/2027
B6: WBE-196 | C6: "בארות יצחק – הרחבת פ""צ והוספת שנאי חמישי 161/24 ק""ו, 50 מגוו""א וסוללות קבלים." | D6: הרחבה | E6: אוברקוביץ, ענת | F6: סויסה ענת | G6: 46203 | H6: 46537 | J6: תכנון | K6: ="WBS: " & B6 & CHAR(10) & "שם פרויקט: " & C6 & CHAR(10) & "מנה״פ: " & E6 & CHAR(10) & "יעד תכנית פיתוח: " & TEXT(G6,"dd/mm/yyyy") & CHAR(10) & "יעד מסתמן: " & TEXT(H6,"dd/mm/yyyy") -> WBS: WBE-196 שם פרויקט: "בארות יצחק – הרחבת פ""צ והוספת שנאי חמישי 161/24 ק""ו, 50 מגוו""א וסוללות קבלים." מנה״פ: אוברקוביץ, ענת יעד תכנית פיתוח: 30/06/2026 יעד מסתמן: 30/05/2027 | M6: בישיבה שהתקיימה ב 05.01.26 לבחינת תכולות הפרויקטים לבקשת יחידת התחמ"ש בעקבות שינויים צפויים לבקשת המרחב, הוחלט לוותר על הצבת מכולת מ"ג (פרויקט WBM-10726) ולהתקדם עם הוספת השנאי והמכולה בלבד ולתכנן את הניידת כאופציה להוספה במידת הצורך. נדרש לקבל תאריך להוצאת הזמנה לתכנון אזרחי בהקדם. הגנת פ"צ צפויה לתאריך 6.2027. החלפת ההגנה חייבת להתבצע לפני החלפת השנאי החמישי וכן הארכת פ"צ. לא ניתן לעמוד בתאריך יעד תכנית הפיתוח! | N6: לבקשת גיל חזום, לטובת שינוי הפרויקטים בבארות יצחק מחכים להתייחסות מהמחוז לסיכום ישיבה ואישורם הסופי . במקביל מחכים להוצאת הזמנת תכנון אזרחי בהתאם להחלטות שהתקבלו. | O6: יצאה הזמנה לתכנון אזרחי 20.01.26. במקביל מתאמים תכנון מול מ"ע | P6: יש להתייחס לאשכול פרויקטים בתחנה זו.לאחר מספר דיונים עם כל הגורמים, הוסכם כי תכולות הפרויקטים ישתנו. בקשה זו הועברה לנגה לאישור. עקב מורכבות ביצועית הוצעה חלופה של הצבת ניידת במקום מכולה נוספת, המייתרת שינויים בתחנה ומאפשרת מענה זמני עד לשדרוג התחמ"ש. הוסכם כי פרויקט WBM-10726 הוספת מכולת מ"ג וחיבורה לשנאי 524 יבוטל בהתאם להיתכנות הצבת הניידת. יצאה הזמנה לתכנון אזרחי עבור פרויקט WBE-196 (הרחבת פ"צ והוספת שנאי חמישי+מכולת מ"ג). התקבל יעד כתב כמויות מהתכנון 05.2026 | Q6: יש להתייחס לאשכול פרויקטים בתחנה זו.לאחר מספר דיונים עם כל הגורמים, הוסכם כי תכולות הפרויקטים ישתנו. בקשה זו הועברה לנגה לאישור. עקב מורכבות ביצועית הוצעה חלופה של הצבת ניידת במקום מכולה נוספת, המייתרת שינויים בתחנה ומאפשרת מענה זמני עד לשדרוג התחמ"ש. הוסכם כי פרויקט WBM-10726 הוספת מכולת מ"ג וחיבורה לשנאי 524 יבוטל בהתאם להיתכנות הצבת הניידת. יצאה הזמנה לתכנון אזרחי עבור פרויקט WBE-196 (הרחבת פ"צ והוספת שנאי חמישי+מכולת מ"ג). התקבל יעד כתב כמויות מהתכנון 05.2026 | R6: יש להתייחס לאשכול פרויקטים בתחנה זו.לאחר מספר דיונים עם כל הגורמים, הוסכם כי תכולות הפרויקטים ישתנו. בקשה זו הועברה לנגה לאישור. עקב מורכבות ביצועית הוצעה חלופה של הצבת ניידת במקום מכולה נוספת, המייתרת שינויים בתחנה ומאפשרת מענה זמני עד לשדרוג התחמ"ש. הוסכם כי פרויקט WBM-10726 הוספת מכולת מ"ג וחיבורה לשנאי 524 יבוטל בהתאם להיתכנות הצבת הניידת. יצאה הזמנה לתכנון אזרחי עבור פרויקט WBE-196 (הרחבת פ"צ והוספת שנאי חמישי+מכולת מ"ג). התקבל יעד כתב כמויות מהתכנון 05.2026. בבדיקת היתכנות להנפת יסודות טרומיים עבור שדה שנאי | S6: יש להתייחס לאשכול פרויקטים בתחנה זו.לאחר מספר דיונים עם כל הגורמים, הוסכם כי תכולות הפרויקטים ישתנו. בקשה זו הועברה לנגה לאישור. עקב מורכבות ביצועית הוצעה חלופה של הצבת ניידת במקום מכולה נוספת, המייתרת שינויים בתחנה ומאפשרת מענה זמני עד לשדרוג התחמ"ש. הוסכם כי פרויקט WBM-10726 הוספת מכולת מ"ג וחיבורה לשנאי 524 יבוטל בהתאם להיתכנות הצבת הניידת. נקבעה ישיבה מול מיקי אזוט וחטיבת רשת לדיוק צרכים בפנייה לנגה לתאריך 7.03. יצאה הזמנה לתכנון אזרחי עבור פרויקט WBE-196 (הרחבת פ"צ והוספת שנאי חמישי+מכולת מ"ג). התקבל יעד כתב כמויות מהתכנון 05.2026. בבדיקת היתכנות להנפת יסודות טרומיים עבור שדה שנאי | T6: יש להתייחס לאשכול פרויקטים בתחנה זו.לאחר מספר דיונים עם כל הגורמים, הוסכם כי תכולות הפרויקטים ישתנו. בקשה זו הועברה לנגה לאישור. עקב מורכבות ביצועית הוצעה חלופה של הצבת ניידת במקום מכולה נוספת, המייתרת שינויים בתחנה ומאפשרת מענה זמני עד לשדרוג התחמ"ש. הוסכם כי פרויקט WBM-10726 הוספת מכולת מ"ג וחיבורה לשנאי 524 יבוטל בהתאם להיתכנות הצבת הניידת. נקבעה ישיבה מול מיקי אזוט וחטיבת רשת לדיוק צרכים בפנייה לנגה לתאריך 7.03. יצאה הזמנה לתכנון אזרחי עבור פרויקט WBE-196 (הרחבת פ"צ והוספת שנאי חמישי+מכולת מ"ג). התקבל יעד כתב כמויות מהתכנון 05.2026. בבדיקת היתכנות להנפת יסודות טרומיים עבור שדה שנאי . | U6: בוצעה ישיבה היום מול מרחב איילון לטובת בחינת הפרויקטים המתוכננים בתחנה זו. במקביל מקודם פרויקט WBE-196 (הרחבת פ"צ והוספת שנאי חמישי+מכולת מ"ג). הפרויקט נמצא בשלב תכנון אזרחי. סוכם לאחר בחינה מול צמ"ן/יחידת התחמ"ש/פיקוח כי ניתן להתקדם עם תכנון יסודות טרומיים עבור שדה שנאי. | V6: פרויקט WBE-196 (הרחבת פ"צ והוספת שנאי חמישי+מכולת מ"ג): נמצא בשלב תכנון אזרחי. במקביל מתקיימות ישיבות מול חטיבת רשת להגדרת תכולות וצרכים בתחנה זו. יציאות מ"ג - קודמו חפירות גישוש וקידוחי נסיון בתחנה באזור המערבי לטובת המחוז | W6: פרויקט WBE-196 (הרחבת פ"צ והוספת שנאי חמישי+מכולת מ"ג): נמצא בשלב תכנון אזרחי. במקביל מתקיימות ישיבות מול חטיבת רשת להגדרת תכולות וצרכים בתחנה זו. יציאות מ"ג - קודמו חפירות גישוש וקידוחי נסיון בתחנה באזור המערבי לטובת המחוז | X6: 1. לא ניתן לעמוד בתאריך יעד תכנית הפיתוח. הועברה בקשה לשינוי. 2. עמידה בלו"ז הפצת כתב כמויות. 3. אישור נגה ושינוי תכולות הפרויקטים | Y6: חסם לטיפול מנהל מגזר תכנון | AD6: ="WBS: " & B6 & CHAR(10) & "שם פרויקט: " & D6 & CHAR(10) & "מנה״פ: " & E6 & CHAR(10) & "יעד תכנית פיתוח: " & TEXT(G6,"dd/mm/yyyy") & CHAR(10) & "יעד מסתמן: " & TEXT(H6,"dd/mm/yyyy") -> WBS: WBE-196 שם פרויקט: הרחבה מנה״פ: אוברקוביץ, ענת יעד תכנית פיתוח: 30/06/2026 יעד מסתמן: 30/05/2027
B7: WBE-125 | C7: תמנע-רב-שלבי,שדרוג מסדר 161 ק"ו מע' עזר | D7: הרחבה | E7: אוחייון, איתן | F7: בסיל כהן יפעת | G7: 46630 | H7: 46660 | J7: עבודה אזרחית | K7: ="WBS: " & B7 & CHAR(10) & "שם פרויקט: " & C7 & CHAR(10) & "מנה״פ: " & E7 & CHAR(10) & "יעד תכנית פיתוח: " & TEXT(G7,"dd/mm/yyyy") & CHAR(10) & "יעד מסתמן: " & TEXT(H7,"dd/mm/yyyy") -> WBS: WBE-125 שם פרויקט: תמנע-רב-שלבי,שדרוג מסדר 161 ק"ו מע' עזר מנה״פ: אוחייון, איתן יעד תכנית פיתוח: 31/08/2027 יעד מסתמן: 30/09/2027 | M7: קבלן יצא מהשטח, בוצעה ישיבת התנעה עבור השלמות שלב א', שלב ב' (מבנה) והוספת שנאי WBE200 | N7: קבלן יצא מהשטח, בוצעה ישיבת התנעה עבור השלמות שלב א', שלב ב' (מבנה) והוספת שנאי WBE200 נדרש RFT עבור תכולה מאוחדת WBE-125 שלב א', שלב ב' וחומה עד 31/3/2026 | O7: קבלן יצא מהשטח, בוצעה ישיבת התנעה עבור השלמות שלב א', שלב ב' (מבנה) והוספת שנאי WBE200 נדרש RFT עבור תכולה מאוחדת WBE-125 שלב א', שלב ב' וחומה עד 31/3/2026 | P7: קבלן יצא מהשטח, בוצעה ישיבת התנעה עבור השלמות שלב א', שלב ב' (מבנה) והוספת שנאי WBE200 נדרש RFT עבור תכולה מאוחדת WBE-125 שלב א', שלב ב' וחומה עד 31/3/2026 | Q7: קבלן יצא מהשטח, בוצעה ישיבת התנעה עבור השלמות שלב א', שלב ב' (מבנה) והוספת שנאי WBE200 נדרש RFT עבור תכולה מאוחדת WBE-125 שלב א', שלב ב' וחומה עד 31/3/2026 | R7: קבלן יצא מהשטח, בוצעה ישיבת התנעה עבור השלמות שלב א', שלב ב' (מבנה) והוספת שנאי WBE200 נדרש RFT עבור תכולה מאוחדת WBE-125 שלב א', שלב ב' וחומה עד 31/3/2026 | S7: בתכנון לצורך עדכון תכניות וכ"כ עבור איחוד שלבים נדרש RFT עבור תכולה מאוחדת WBE-125 שלב א', שלב ב' וחומה עד 31/3/2026 | T7: בתכנון לצורך עדכון תכניות וכ"כ עבור איחוד שלבים נדרש RFT עבור תכולה מאוחדת WBE-125 שלב א', שלב ב' וחומה עד 31/3/2026 נדרש לבנות את כ"כ לפי חוזה הקמות ישן מאחר והמבנה כבר בנוי כך | U7: בתכנון לצורך עדכון תכניות וכ"כ עבור איחוד שלבים נדרש RFT עבור תכולה מאוחדת WBE-125 שלב א', שלב ב' וחומה עד 31/3/2026 נדרש לבנות את כ"כ לפי חוזה הקמות ישן מאחר והמבנה כבר בנוי כך | V7: בתכנון לצורך עדכון תכניות וכ"כ עבור איחוד שלבים נדרש RFT עבור תכולה מאוחדת WBE-125 שלב א', שלב ב' וחומה עד 31/3/2026 נדרש לבנות את כ"כ לפי חוזה הקמות ישן מאחר והמבנה כבר בנוי כך | W7: בתכנון לצורך עדכון תכניות וכ"כ עבור איחוד שלבים נדרש RFT עבור תכולה מאוחדת WBE-125 שלב א', שלב ב' וחומה עד 31/3/2026 נדרש לבנות את כ"כ לפי חוזה הקמות ישן מאחר והמבנה כבר בנוי כך | X7: נדרש הירתמות התכנון לאיחוד התכולות ליציאה ל RFT חדש תוך זמן קצר | Y7: חסם לטיפול מנהל מגזר תכנון
B8: WBE-200 | C8: תמנע-הוספת שנאי שני 50 מגוו"א | D8: הרחבה | E8: אוחייון, איתן | F8: בסיל כהן יפעת | G8: 46691 | H8: 46721 | J8: הקפאת תכולה | K8: ="WBS: " & B8 & CHAR(10) & "שם פרויקט: " & C8 & CHAR(10) & "מנה״פ: " & E8 & CHAR(10) & "יעד תכנית פיתוח: " & TEXT(G8,"dd/mm/yyyy") & CHAR(10) & "יעד מסתמן: " & TEXT(H8,"dd/mm/yyyy") -> WBS: WBE-200 שם פרויקט: תמנע-הוספת שנאי שני 50 מגוו"א מנה״פ: אוחייון, איתן יעד תכנית פיתוח: 31/10/2027 יעד מסתמן: 30/11/2027 | M8: הוגשה בקשה לקדם בתכנון להוסיף כתכולה לקבלן שיבחר ל WBE125 | N8: הוגשה בקשה לקדם בתכנון להוסיף כתכולה לקבלן שיבחר ל WBE125 נדרש תכנון אזרחי לביצוע WBE-200 עד 31/12/2026 | O8: הוגשה בקשה לקדם בתכנון להוסיף כתכולה לקבלן שיבחר ל WBE125 נדרש תכנון אזרחי לביצוע WBE-200 עד 31/12/2026 | P8: הוגשה בקשה לקדם בתכנון להוסיף כתכולה לקבלן שיבחר ל WBE125 נדרש תכנון אזרחי לביצוע WBE-200 עד 31/12/2026 | Q8: הוגשה בקשה לקדם בתכנון להוסיף כתכולה לקבלן שיבחר ל WBE125 נדרש תכנון אזרחי לביצוע WBE-200 עד 31/12/2026 | R8: הוגשה בקשה לקדם בתכנון להוסיף כתכולה לקבלן שיבחר ל WBE125 נדרש תכנון אזרחי לביצוע WBE-200 עד 31/12/2026 | S8: הוגשה בקשה לקדם בתכנון להוסיף כתכולה לקבלן שיבחר ל WBE125 נדרש תכנון אזרחי לביצוע WBE-200 עד 31/12/2026 | T8: הוגשה בקשה לקדם בתכנון להוסיף כתכולה לקבלן שיבחר ל WBE125 נדרש תכנון אזרחי לביצוע WBE-200 עד 31/12/2026 | U8: הוגשה בקשה לקדם בתכנון להוסיף כתכולה לקבלן שיבחר ל WBE125 נדרש תכנון אזרחי לביצוע WBE-200 עד 31/12/2026 | V8: הוגשה בקשה לקדם בתכנון להוסיף כתכולה לקבלן שיבחר ל WBE125 נדרש תכנון אזרחי לביצוע WBE-200 עד 31/12/2026 | W8: הוגשה בקשה לקדם בתכנון להוסיף כתכולה לקבלן שיבחר ל WBE125 נדרש תכנון אזרחי לביצוע WBE-200 עד 31/12/2026 | AD8: ="WBS: " & B8 & CHAR(10) & "שם פרויקט: " & D8 & CHAR(10) & "מנה״פ: " & E8 & CHAR(10) & "יעד תכנית פיתוח: " & TEXT(G8,"dd/mm/yyyy") & CHAR(10) & "יעד מסתמן: " & TEXT(H8,"dd/mm/yyyy") -> WBS: WBE-200 שם פרויקט: הרחבה מנה״פ: אוחייון, איתן יעד תכנית פיתוח: 31/10/2027 יעד מסתמן: 30/11/2027
B9: WBE-235 | C9: צומת כרמיה – הקמת 2 שדות מ"ע חדשים והתאמת שדה 1 לזרם 2000 א'. משיק ל-WBO-824, WBO-823 . | D9: הרחבה | E9: אוחייון, איתן | F9: בסיל כהן יפעת | G9: 46568 | H9: 46751 | J9: בחירת קבלן | K9: ="WBS: " & B9 & CHAR(10) & "שם פרויקט: " & C9 & CHAR(10) & "מנה״פ: " & E9 & CHAR(10) & "יעד תכנית פיתוח: " & TEXT(G9,"dd/mm/yyyy") & CHAR(10) & "יעד מסתמן: " & TEXT(H9,"dd/mm/yyyy") -> WBS: WBE-235 שם פרויקט: צומת כרמיה – הקמת 2 שדות מ"ע חדשים והתאמת שדה 1 לזרם 2000 א'. משיק ל-WBO-824, WBO-823 . מנה״פ: אוחייון, איתן יעד תכנית פיתוח: 30/06/2027 יעד מסתמן: 30/12/2027 | M9: בשבוע שעבר עבר RFT, ממתין לאישור נספח 5 ואומדנים עבור השו"שיים. יש לקבל הזמנה מתכנון א"מ עבור חפירות גישוש | N9: ממתין לאישור נספח 5 ואומדנים עבור השו"שיים. יש לקבל הזמנה מתכנון א"מ עבור חפירות גישוש תכולת שדרוג שדה 1 נכנסת תלתכולת שלב א' - נדרש אישור כוחות לפורטל לקידום תכנון של הולכה | O9: ממתין לאישור נספח 5 יש לקבל הזמנה מתכנון א"מ עבור חפירות גישוש תכולת שדרוג שדה 1 נכנסת תלתכולת שלב א' - נדרש אישור כוחות לפורטל לקידום תכנון של הולכה | P9: יש לקבל הזמנה מתכנון א"מ עבור חפירות גישוש תכולת שדרוג שדה 1 נכנסת תלתכולת שלב א' - נדרש אישור כוחות לפורטל לקידום תכנון של הולכה | Q9: יש לקבל הזמנה מתכנון א"מ עבור חפירות גישוש נגה לא מאשרים הפסקת שדה 1 בסתיו 2026 | R9: הועברה הזמנה לחפירות גישוש מכרז להקמת שדות תקוע ברכש | S9: הועברה הזמנה לחפירות גישוש מכרז להקמת שדות תקוע ברכש - יעד לקבלן 5/2026 | T9: הועברה הזמנה לחפירות גישוש מכרז להקמת שדות הוכנס לרשימת תיעדוף ברכש - יעד לקבלן 5/2026 | U9: הועברה הזמנה לחפירות גישוש מכרז להקמת שדות הוכנס לרשימת תיעדוף ברכש - יעד לקבלן 5/2026 | V9: יצאה הזמנה לחפירות גישוש סיור קבלנים מתוכנן ב 19/3/2026 צפי קבלן זוכה 30/5/2026 | W9: יצאה הזמנה לחפירות גישוש - יתכן ולא תמומש בשל הסמיכות לעלית קבלן לקרקע התקיים סיור קבלנים מתוכנן ב 19/3/2026 צפי קבלן זוכה 15/4/2026
A10: כן | B10: WBE-260 | C10: מצפה רמון - התקנת שנאי מס' 531- מערכתי | D10: הרחבה | E10: אוחייון, איתן | F10: בסיל כהן יפעת | G10: 46265 | H10: 46446 | J10: בחירת קבלן | K10: ="WBS: " & B10 & CHAR(10) & "שם פרויקט: " & C10 & CHAR(10) & "מנה״פ: " & E10 & CHAR(10) & "יעד תכנית פיתוח: " & TEXT(G10,"dd/mm/yyyy") & CHAR(10) & "יעד מסתמן: " & TEXT(H10,"dd/mm/yyyy") -> WBS: WBE-260 שם פרויקט: מצפה רמון - התקנת שנאי מס' 531- מערכתי מנה״פ: אוחייון, איתן יעד תכנית פיתוח: 31/08/2026 יעד מסתמן: 28/02/2027 | M10: נמצא במחלקת מכרזים, עדיין לא פורסם המכרז. התקבל מבנה ברזל, מכולת מ"ג ראשונה צפויה להתקבל השבוע | N10: נקבע סיור קבלנים מכולת מ"ג ראשונה התקבלה | O10: נקבע סיור קבלנים מכולת מ"ג ראשונה התקבלה | P10: נקבע סיור קבלנים 5/2 מכולת מ"ג ראשונה התקבלה שניה צפויה השבוע | Q10: התקיים סיור קבלנים, צפי לקבלן במחצית מרץ 2026 התקבלו מכולות מ"ג | R10: התקיים סיור קבלנים, צפי לקבלן במחצית מרץ 2026 התקבלו מכולות מ"ג | S10: הגשת הצעות קבלנים 26/2/2026 | T10: צפי לקבלן זוכה 15/3/2026 | U10: צפי לקבלן זוכה 15/3/2026 | V10: צפי לקבלן זוכה בשבוע הקרוב תחילת עבודות 30/4/2026 | W10: צפי לקבלן זוכה בשבוע הקרוב תחילת עבודות 30/4/2026 | X10: אי עמידה בתכנית פיתוח לאחר שקבלן יתחיל בעבודות נדרש לבצע עדכון מול נוגה | Y10: חסם לטיפול רב פרויקטלי
A11: כן | B11: WBE-259 | C11: מצפה רמון - החלפת שנאי מס' 532- מערכתי | D11: הרחבה | E11: אוחייון, איתן | F11: בסיל כהן יפעת | G11: 46507 | H11: 46690 | J11: הקפאת תצורה | K11: ="WBS: " & B11 & CHAR(10) & "שם פרויקט: " & C11 & CHAR(10) & "מנה״פ: " & E11 & CHAR(10) & "יעד תכנית פיתוח: " & TEXT(G11,"dd/mm/yyyy") & CHAR(10) & "יעד מסתמן: " & TEXT(H11,"dd/mm/yyyy") -> WBS: WBE-259 שם פרויקט: מצפה רמון - החלפת שנאי מס' 532- מערכתי מנה״פ: אוחייון, איתן יעד תכנית פיתוח: 30/04/2027 יעד מסתמן: 30/10/2027 | M11: תכולה אזרחית נכללה כאופציה במכרז של WBE260. לאחר שיבחר קבלן ובהתאם לביצועים שלו יוחלט אם נדרש תכנון למכרז או לביצוע | N11: תכולה אזרחית נכללה כאופציה במכרז של WBE260. לאחר שיבחר קבלן ובהתאם לביצועים שלו יוחלט אם נדרש תכנון למכרז או לביצוע | O11: תכולה אזרחית נכללה כאופציה במכרז של WBE260. לאחר שיבחר קבלן ובהתאם לביצועים שלו יוחלט אם נדרש תכנון למכרז או לביצוע | P11: תכולה אזרחית נכללה כאופציה במכרז של WBE260. לאחר שיבחר קבלן ובהתאם לביצועים שלו יוחלט אם נדרש תכנון למכרז או לביצוע | Q11: תכולה אזרחית נכללה כאופציה במכרז של WBE260. לאחר שיבחר קבלן ובהתאם לביצועים שלו יוחלט אם נדרש תכנון למכרז או לביצוע | R11: תכולה אזרחית נכללה כאופציה במכרז של WBE260. לאחר שיבחר קבלן ובהתאם לביצועים שלו יוחלט אם נדרש תכנון למכרז או לביצוע | S11: תכולה אזרחית נכללה כאופציה במכרז של WBE260. לאחר שיבחר קבלן ובהתאם לביצועים שלו יוחלט אם נדרש תכנון למכרז או לביצוע | T11: תכולה אזרחית נכללה כאופציה במכרז של WBE260. לאחר שיבחר קבלן ובהתאם לביצועים שלו יוחלט אם נדרש תכנון למכרז או לביצוע אושרה דחיה של ת.פ. ל 30/4/2027 בהתאם למצב, תידרש דחיה נוספת | U11: תכולה אזרחית נכללה כאופציה במכרז של WBE260. לאחר שיבחר קבלן ובהתאם לביצועים שלו יוחלט אם נדרש תכנון למכרז או לביצוע אושרה דחיה של ת.פ. ל 30/4/2027 בהתאם למצב, תידרש דחיה נוספת | V11: תכולה אזרחית נכללה כאופציה במכרז של WBE260. לאחר שיבחר קבלן ובהתאם לביצועים שלו יוחלט אם נדרש תכנון למכרז או לביצוע | W11: תכולה אזרחית נכללה כאופציה במכרז של WBE260. לאחר שיבחר קבלן ובהתאם לביצועים שלו יוחלט אם נדרש תכנון למכרז או לביצוע | X11: אי עמידה בתכנית פיתוח לאחר שקבלן יתחיל בעבודות נדרש לבצע עדכון מול נוגה | Y11: חסם לטיפול רב פרויקטלי
B12: WBE-118 | C12: יוטבתה - החלפת שנאי 531 ועיגון השנאי | D12: הרחבה | E12: אוחייון, איתן | F12: בסיל כהן יפעת | G12: 46752 | H12: 46568 | J12: הקפאת תצורה | K12: ="WBS: " & B12 & CHAR(10) & "שם פרויקט: " & C12 & CHAR(10) & "מנה״פ: " & E12 & CHAR(10) & "יעד תכנית פיתוח: " & TEXT(G12,"dd/mm/yyyy") & CHAR(10) & "יעד מסתמן: " & TEXT(H12,"dd/mm/yyyy") -> WBS: WBE-118 שם פרויקט: יוטבתה - החלפת שנאי 531 ועיגון השנאי מנה״פ: אוחייון, איתן יעד תכנית פיתוח: 31/12/2027 יעד מסתמן: 30/06/2027 | M12: השנאי הוחלף, לא בוצעו תכולות אזרחיות. יבוצעו בסיום WBE202 הוספת שנאי 533 | N12: השנאי הוחלף, לא בוצעו תכולות אזרחיות. יבוצעו בסיום WBE202 הוספת שנאי 533 | O12: השנאי הוחלף, לא בוצעו תכולות אזרחיות. יבוצעו בסיום WBE202 הוספת שנאי 533 הוגשה בקשה להכללת התכולות הנותרות בפרויקט ההרחבה WBE-120 | P12: השנאי הוחלף, לא בוצעו תכולות אזרחיות. יבוצעו בסיום WBE202 הוספת שנאי 533 הוגשה בקשה להכללת התכולות הנותרות בפרויקט ההרחבה WBE-120 | Q12: השנאי הוחלף, לא בוצעו תכולות אזרחיות. יבוצעו בסיום WBE202 הוספת שנאי 533 הוגשה בקשה להכללת התכולות הנותרות בפרויקט ההרחבה WBE-120 | R12: השנאי הוחלף, לא בוצעו תכולות אזרחיות. יבוצעו בסיום WBE202 הוספת שנאי 533 הוגשה בקשה להכללת התכולות הנותרות בפרויקט ההרחבה WBE-120 | S12: השנאי הוחלף, לא בוצעו תכולות אזרחיות. יבוצעו בסיום WBE202 הוספת שנאי 533 הוגשה בקשה להכללת התכולות הנותרות בפרויקט ההרחבה WBE-120 | T12: השנאי הוחלף, לא בוצעו תכולות אזרחיות. יבוצעו בסיום WBE202 הוספת שנאי 533 הוגשה בקשה להכללת התכולות הנותרות בפרויקט ההרחבה WBE-120 | U12: השנאי הוחלף, לא בוצעו תכולות אזרחיות. יבוצעו בסיום WBE202 הוספת שנאי 533 הוגשה בקשה להכללת התכולות הנותרות בפרויקט ההרחבה WBE-120 | V12: השנאי הוחלף, לא בוצעו תכולות אזרחיות. יבוצעו בסיום WBE202 הוספת שנאי 533 הוגשה בקשה להכללת התכולות הנותרות בפרויקט ההרחבה WBE-120 | W12: השנאי הוחלף, לא בוצעו תכולות אזרחיות. יבוצעו בסיום WBE202 הוספת שנאי 533 הוגשה בקשה להכללת התכולות הנותרות בפרויקט ההרחבה WBE-120
B13: WBE-120 | C13: יוטבתה-שדרוג התחמ"ש-רב שלבי | D13: הרחבה | E13: אוחייון, איתן | F13: בסיל כהן יפעת | G13: 46325 | H13: 46446 | J13: הרכבה חשמלית | K13: ="WBS: " & B13 & CHAR(10) & "שם פרויקט: " & C13 & CHAR(10) & "מנה״פ: " & E13 & CHAR(10) & "יעד תכנית פיתוח: " & TEXT(G13,"dd/mm/yyyy") & CHAR(10) & "יעד מסתמן: " & TEXT(H13,"dd/mm/yyyy") -> WBS: WBE-120 שם פרויקט: יוטבתה-שדרוג התחמ"ש-רב שלבי מנה״פ: אוחייון, איתן יעד תכנית פיתוח: 30/10/2026 יעד מסתמן: 28/02/2027 | M13: חדר פיקוד הסתיים אזרחי, שדות 3,9 בשלבי סיום. מתוכננת מסירה ב 19/1/2026 | N13: חדר פיקוד הסתיים אזרחי, שדות 3,9 בשלבי סיום. מתוכננת מסירה ב 19/1/2026 | O13: חדר פיקוד הסתיים אזרחי, שדות 3,9 בשלבי סיום. מתוכננת מסירה לאחר תיקון רג'קטים ב 28/1/2026 | P13: נמסר להרכבה חשמלית | Q13: נמסר להרכבה חשמלית | R13: נמסר להרכבה חשמלית | S13: נמסר להרכבה חשמלית | T13: נמסר להרכבה חשמלית שלא מבצעים עבודה באתר בגלל תיעדוף ומהיום גם המלחמה קוי פיקוד שתוכננו לא מתאימים לשטח וכעת מנסים למצוא פתרון להעברת קוי הפיקוד לשדות החדשים | U13: הרכבה חשמלית הודיעו שנכנסים היום לעבודה 8/3/2026 קוי פיקוד שתוכננו לא מתאימים לשטח וכעת מנסים למצוא פתרון להעברת קוי הפיקוד לשדות החדשים | V13: בשלב ברכבת ציות מ"ע בשדות נדרש ליישם פתרון להעברת קווי פיקוד לשדות החדשים לפני סיום עבודות הקבלן לשלב א' | W13: בשלב הרכבת ציוד מ"ע בשדות השבוע מתוכנן חיבור צנרת פיקוד מהשדות למבנה הפיקוד והעברת כבל מ"ג המתוכנן לשנאים 531 ו 533
B14: WBE-202 | C14: יוטבתה-הוספת שנאי 532 161/36 ק"ו 50 מגוו"א | D14: הרחבה | E14: אוחייון, איתן | F14: בסיל כהן יפעת | G14: 46325 | H14: 46446 | J14: עבודה אזרחית | K14: ="WBS: " & B14 & CHAR(10) & "שם פרויקט: " & C14 & CHAR(10) & "מנה״פ: " & E14 & CHAR(10) & "יעד תכנית פיתוח: " & TEXT(G14,"dd/mm/yyyy") & CHAR(10) & "יעד מסתמן: " & TEXT(H14,"dd/mm/yyyy") -> WBS: WBE-202 שם פרויקט: יוטבתה-הוספת שנאי 532 161/36 ק"ו 50 מגוו"א מנה״פ: אוחייון, איתן יעד תכנית פיתוח: 30/10/2026 יעד מסתמן: 28/02/2027 | M14: יבוצע בסיום WBE120 | N14: יבוצע בסיום WBE120 | O14: יבוצע בסיום WBE120 | P14: יבוצע בסיום WBE120 | Q14: יבוצע בסיום WBE120 | R14: יבוצע בסיום WBE120 | S14: יבוצע בסיום WBE120 | T14: יבוצע בסיום WBE120 | U14: יבוצע בסיום WBE120 | V14: יבוצע בסיום WBE120 | W14: יבוצע בסיום WBE120
B15: WBC-099 | C15: אשקלון צפון-הקמת תחמ"ש חיצונית 161/24 ק" | D15: הקמה | E15: אוחייון, איתן | F15: בסיל כהן יפעת | G15: 46476 | H15: 46660 | J15: קבלת היתר | K15: ="WBS: " & B15 & CHAR(10) & "שם פרויקט: " & C15 & CHAR(10) & "מנה״פ: " & E15 & CHAR(10) & "יעד תכנית פיתוח: " & TEXT(G15,"dd/mm/yyyy") & CHAR(10) & "יעד מסתמן: " & TEXT(H15,"dd/mm/yyyy") -> WBS: WBC-099 שם פרויקט: אשקלון צפון-הקמת תחמ"ש חיצונית 161/24 ק" מנה״פ: אוחייון, איתן יעד תכנית פיתוח: 30/03/2027 יעד מסתמן: 30/09/2027 | M15: ממתין לתשובת תכנון לגבי שוחות מ"ג וכן ל ASMADE מביצוע מ"ג להשלמת DR, צפי לניתר 3-4/2026 | N15: ממתין לתשובת תכנון לגבי שוחות מ"ג וכן ל ASMADE מביצוע מ"ג להשלמת DR, צפי להיתר 3-4/2026 | O15: ממתין לתשובת תכנון לגבי שוחות מ"ג וכן ל ASMADE מביצוע מ"ג. הופץ RFT, צפי להיתר 3-4/2026 | P15: ממתין לתשובת תכנון לגבי שוחות מ"ג וכן ל ASMADE מביצוע מ"ג. הופץ RFT, צפי להיתר 5/2026 | Q15: ממתין לתשובת תכנון לגבי שוחות מ"ג וכן ל ASMADE מביצוע מ"ג. הופץ RFT, צפי להיתר 5/2026 | R15: ממתין לתשובת תכנון לגבי שוחות מ"ג וכן ל ASMADE מביצוע מ"ג. הופץ RFT, צפי להיתר 5/2026 | S15: ממתין לתשובת תכנון לגבי שוחות מ"ג וכן ל ASMADE מביצוע מ"ג. ממתין ברכש ליציאה למכרז ,צפי להיתר נדחה ל 7/2026 | T15: ממתין לתשובת תכנון לגבי שוחות מ"ג וכן ל ASMADE מביצוע מ"ג. ממתין ברכש ליציאה למכרז ,צפי להיתר נדחה ל 7/2026 | U15: ממתין לתשובת תכנון לגבי שוחות מ"ג וכן ל ASMADE מביצוע מ"ג. ממתין ברכש ליציאה למכרז ,צפי להיתר נדחה ל 7/2026 | V15: ממתין לתשובת תכנון לגבי שוחות מ"ג וכן ל ASMADE מביצוע מ"ג. ברכש ליציאה למכרז, צפי קבלן זוכה 30/5/2026 ,צפי להיתר 6/2026 | W15: ממתין לתשובת תכנון לגבי שוחות מ"ג וכן ל ASMADE מביצוע מ"ג. ברכש ליציאה למכרז, צפי קבלן זוכה 30/5/2026 ,צפי להיתר 6/2026
B16: WBD-001 | C16: שפרעם ניידת-פירוק התחמ"ש הניידת | D16: ניידת | E16: אוחנה, אלי | F16: הלוי בת אל | G16: 46506 | H16: 46476 | K16: ="WBS: " & B16 & CHAR(10) & "שם פרויקט: " & C16 & CHAR(10) & "מנה״פ: " & E16 & CHAR(10) & "יעד תכנית פיתוח: " & TEXT(G16,"dd/mm/yyyy") & CHAR(10) & "יעד מסתמן: " & TEXT(H16,"dd/mm/yyyy") -> WBS: WBD-001 שם פרויקט: שפרעם ניידת-פירוק התחמ"ש הניידת מנה״פ: אוחנה, אלי יעד תכנית פיתוח: 29/04/2027 יעד מסתמן: 30/03/2027 | M16: בטיפול המחוז להסטת תשתיות | N16: בטיפול המחוז להסטת תשתיות | O16: בטיפול המחוז להסטת תשתיות | P16: בטיפול המחוז להסטת תשתיות | Q16: בטיפול המחוז להסטת תשתיות | R16: בטיפול המחוז להסטת תשתיות | S16: בטיפול המחוז להסטת תשתיות | T16: בטיפול המחוז להסטת תשתיות | U16: בטיפול המחוז להסטת תשתיות | V16: בטיפול המחוז להסטת תשתיות | W16: בטיפול המחוז להסטת תשתיות
A17: כן | B17: WBC-121 | C17: רוקח(רמת אביב חדשה)-הקמת תחמ"ש פנימית | D17: הקמה | E17: אוחנה, אלי | F17: הלוי בת אל | G17: 46721 | H17: 47117 | J17: קבלת היתר | K17: ="WBS: " & B17 & CHAR(10) & "שם פרויקט: " & C17 & CHAR(10) & "מנה״פ: " & E17 & CHAR(10) & "יעד תכנית פיתוח: " & TEXT(G17,"dd/mm/yyyy") & CHAR(10) & "יעד מסתמן: " & TEXT(H17,"dd/mm/yyyy") -> WBS: WBC-121 שם פרויקט: רוקח(רמת אביב חדשה)-הקמת תחמ"ש פנימית מנה״פ: אוחנה, אלי יעד תכנית פיתוח: 30/11/2027 יעד מסתמן: 30/12/2028 | M17: החלטות הוועדה אמורות להתקבל עד 14/01/2026 לצורך המשך התהליך לשלב התכן טרם הוסדר נושא רכישת הקרקע המהווה חסם להיתר. | N17: התקבלה החלטת הוועדה לעבור לשלב התכן, מבוצע השלמת הדרישות והאישורים הנדרשים. טרם הוסדר נושא רכישת הקרקע המהווה חסם להיתר. החל תהליך הכנת החומר למכרז הקבלנים. | O17: התקבלה החלטת הוועדה לעבור לשלב התכן, מבוצע השלמת הדרישות והאישורים הנדרשים. טרם הוסדר נושא רכישת הקרקע המהווה חסם להיתר. החל תהליך הכנת החומר למכרז הקבלנים. | P17: התקבלה החלטת הוועדה לעבור לשלב התכן, מבוצע השלמת הדרישות והאישורים הנדרשים. טרם הוסדר נושא רכישת הקרקע המהווה חסם להיתר. החל תהליך הכנת החומר למכרז הקבלנים. | Q17: התקבלה החלטת הוועדה לעבור לשלב התכן, מבוצע השלמת הדרישות והאישורים הנדרשים. טרם הוסדר נושא רכישת הקרקע המהווה חסם להיתר. החל תהליך הכנת החומר למכרז הקבלנים. 22.02.2026- צפי לסיור קבלנים טרם הוסרה תשתית קו הביוב משטח התחנה- באחריות עיריית תל אביב | R17: התקבלה החלטת הוועדה לעבור לשלב התכן, מבוצע השלמת הדרישות והאישורים הנדרשים. טרם הוסדר נושא רכישת הקרקע המהווה חסם להיתר. החל תהליך הכנת החומר למכרז הקבלנים. 17.02.2026- צפי לסיור קבלנים טרם הוסרה תשתית קו הביוב משטח התחנה- באחריות עיריית תל אביב | S17: התקבלה החלטת הוועדה לעבור לשלב התכן, מבוצע השלמת הדרישות והאישורים הנדרשים. טרם הוסדר נושא רכישת הקרקע המהווה חסם להיתר. החל תהליך הכנת החומר למכרז הקבלנים. 17.02.2026- בוצע סיור קבלנים טרם הוסרה תשתית קו הביוב משטח התחנה- באחריות עיריית תל אביב 22/02/2026- סיור לכריתת העתקת עצים, עפ"י דרישת האגרונום העירוני, ביצוע העתקת עצים עד 04/2026 (אחרת נידרש להעתיק רק בעוד כחצי שנה) לכן נדרש פינוי התשתיות ברכישת השטח במיידי | T17: התקבלה החלטת הוועדה לעבור לשלב התכן, מבוצע השלמת הדרישות והאישורים הנדרשים. טרם הוסדר נושא רכישת הקרקע המהווה חסם להיתר. החל תהליך הכנת החומר למכרז הקבלנים. 17.02.2026- בוצע סיור קבלנים טרם הוסרה תשתית קו הביוב משטח התחנה- באחריות עיריית תל אביב ביצוע העתקת עצים עד 04/2026 (אחרת נידרש להעתיק רק בעוד כחצי שנה) לכן נדרש פינוי התשתיות ברכישת השטח במיידי החל תהליך של מכרז ספק יחיד לצורך כריתת העצים | U17: התקבלה החלטת הוועדה לעבור לשלב התכן, מבוצע השלמת הדרישות והאישורים הנדרשים. טרם הוסדר נושא רכישת הקרקע המהווה חסם להיתר. ממתינים להצעות מחיר הקבלנים. טרם הוסרה תשתית קו הביוב משטח התחנה- באחריות עיריית תל אביב. החל תהליך של מכרז ספק יחיד לצורך כריתת העצים. | V17: ממתינים לאישור כיבוי אש ובקשה להיתר טרם הוסדר נושא רכישת הקרקע המהווה חסם להיתר. ממתינים להצעות מחיר הקבלנים. טרם הוסרה תשתית קו הביוב משטח התחנה- באחריות עיריית תל אביב. (הנושא הוסדר עם גורמי העירייה בסיום כריתת העצים, ההעתקה תבוצע) החל תהליך של מכרז ספק יחיד לצורך כריתת העצים. | W17: ממתינים לאישור כיבוי אש ובקשה להיתר טרם הוסדר נושא רכישת הקרקע המהווה חסם להיתר. ממתינים להצעות מחיר הקבלנים. טרם הוסרה תשתית קו הביוב משטח התחנה- באחריות עיריית תל אביב. (הנושא הוסדר עם גורמי העירייה בסיום כריתת העצים, ההעתקה תבוצע) נבחר ספק יחיד לצורך כריתת העצים, צפי תחילת עבודות 25.03.2026 | X17: העתקת עצים השלמת תהליך רכישת הקרקע ע"י מנר"א עמידת ההולכה בלו"ז לביצוע תשתית מ"ע. | Y17: חסם לטיפול מנהל אגף
A18: כן | B18: WBD-124 | C18: חפר ארעית- הקמת תחמ"ש ארעית | D18: ניידת | E18: אוחנה, אלי | F18: הלוי בת אל | G18: 46203 | H18: 46203 | J18: עבודה אזרחית | K18: ="WBS: " & B18 & CHAR(10) & "שם פרויקט: " & C18 & CHAR(10) & "מנה״פ: " & E18 & CHAR(10) & "יעד תכנית פיתוח: " & TEXT(G18,"dd/mm/yyyy") & CHAR(10) & "יעד מסתמן: " & TEXT(H18,"dd/mm/yyyy") -> WBS: WBD-124 שם פרויקט: חפר ארעית- הקמת תחמ"ש ארעית מנה״פ: אוחנה, אלי יעד תכנית פיתוח: 30/06/2026 יעד מסתמן: 30/06/2026 | M18: המשך עבודות הקמה של הארעית, מבוצעות בשטח עבודות לשיפור מעברים וגידור לצורך הרכבת הציודים החשמליים. בעקבות פגעי מזג האויר נדרשים עבודות שיקום של גדרות היקפיים בתחנה. | N18: עיכוב בעבודות אזרחיות להקמת הארעית בשל מחסור בכ"א בפועלים. הרכבות, תמיכות וציוד חשמלי כולל חיווט במסדרי 161 ק"ו ו- 24 ק"ו. עיכוב בבדיקות מכולות פיקוד ומסדרי 24 ק"ו (קיים מחסור בבודקים) | O18: עיכוב בעבודות אזרחיות להקמת הארעית בשל מחסור בכ"א בפועלים. הרכבות, תמיכות וציוד חשמלי כולל חיווט במסדרי 161 ק"ו ו- 24 ק"ו. עיכוב בבדיקות מכולות פיקוד ומסדרי 24 ק"ו (קיים מחסור בבודקים) עצירה ניכרת בעבודות הביצוע עקב מחסור בכ"א מתמשך | P18: עיכוב בעבודות אזרחיות להקמת הארעית בשל מחסור בכ"א בפועלים. הרכבות, תמיכות וציוד חשמלי כולל חיווט במסדרי 161 ק"ו ו- 24 ק"ו. עיכוב בבדיקות מכולות פיקוד ומסדרי 24 ק"ו (קיים מחסור בבודקים) עצירה ניכרת בעבודות הביצוע עקב מחסור בכ"א מתמשך | Q18: המשך עבודות התקנת ציוד ועבודות פיתוח שטח | R18: המשך עבודות התקנת ציוד ועבודות פיתוח שטח | S18: המשך עבודות התקנת ציוד ועבודות פיתוח שטח ישנן תקלות בשנאים כולל השנאי החדש- בטיפול הביצוע | T18: המשך עבודות התקנת ציוד ועבודות פיתוח שטח (כרגע עצירת עבודות בשל המצב הביטחוני) ישנן תקלות בשנאים כולל השנאי החדש- בטיפול הביצוע | U18: המשך עבודות התקנת ציוד ועבודות פיתוח שטח לאחר עיכוב של שבוע בשל המצב הבטחוני. ישנן תקלות בשנאים כולל השנאי החדש- בטיפול הביצוע | V18: בוצע סיור למסירת עבודה אזרחית, ישנם מספר רג'קטים קטנים לתיקון טיפול שמן לשנאי 522 יבוצע ב 17.03.2026 קיים מחסור בבודקים מזה כשלושה שבועות | W18: בוצע סיור למסירת עבודה אזרחית, ישנם מספר רג'קטים קטנים לתיקון לאור המצב הבטחוני/מזג האויר וחופשת הפסח המתקרבת מסתמן עיכוב בהכנסה לניצול של התחנה של כחודש | X18: נדרש תגבור של כ"א כללי לתחנה- קבלנים, ביצוע ובודקים | Y18: חסם לטיפול מנהל אגף | Z18: חסם לטיפול מנהלת מחלקה | AE18: חסם לטיפול מנהל אגף תפעול השנאה
B19: WBJ-004 | C19: חפר-הקמת תחמ"ג 400/161 ק"ו,650*3 מגוו"א- שנאי קישור שלישי 454 יותקן ולא יחושמל-רב שלבי | D19: ניידת | E19: אוחנה, אלי | F19: הלוי בת אל | G19: 46873 | H19: 46964 | J19: עבודה אזרחית | K19: ="WBS: " & B19 & CHAR(10) & "שם פרויקט: " & C19 & CHAR(10) & "מנה״פ: " & E19 & CHAR(10) & "יעד תכנית פיתוח: " & TEXT(G19,"dd/mm/yyyy") & CHAR(10) & "יעד מסתמן: " & TEXT(H19,"dd/mm/yyyy") -> WBS: WBJ-004 שם פרויקט: חפר-הקמת תחמ"ג 400/161 ק"ו,650*3 מגוו"א- שנאי קישור שלישי 454 יותקן ולא יחושמל-רב שלבי מנה״פ: אוחנה, אלי יעד תכנית פיתוח: 30/04/2028 יעד מסתמן: 30/07/2028 | M19: נבחר קבלן ואושר ע"י הדריקטריון, צפי לישיבת תיאום עם הפיקוח האזרחי בשבוע הבא. בעקבות פגעי מזג האויר נדרשים עבודות שיקום של גדרות היקפיים בתחנה. | N19: נקבעה ישיבת התנעה עם קבלן זוכה לשלב ב' | O19: בוצעה ישיבת התנעה עם קבלן זוכה לשלב ב' | P19: ממתינים לסיום חתימת החוזה ותחילת העבודה של הקבלן האזרחי | Q19: ממתינים לסיום חתימת החוזה ותחילת העבודה של הקבלן האזרחי | R19: הסתיים חתימת החוזה ממתינים לתחילת העבודה של הקבלן האזרחי | S19: הסתיים חתימת החוזה ממתינים לתחילת העבודה של הקבלן האזרחי עיכוב בתחילת עבודות מסדר 400 ק"ו מאחר ונתוני הציוד טרם התקבלו וכמו כן טרם נבחר ספק זוכה ולכן ביצוע תכנון אלק"מ ואזרחי לא החל. (צפי תחילת עבודות 07-08/2026 ייעכב את תחילת העבודות של הקבלן שנבחר. | T19: הסתיים חתימת החוזה ממתינים לתחילת העבודה של הקבלן האזרחי בוצעה ישיבה עם יוסי כהן ונווה כהן לצורך תיאום שלבי קבלת נתוני הציוד וביצוע תוכניות בשלבים על מנת להימנע מעצירת עבודות הקבלן האזרחי | U19: ממתינים לתחילת העבודה של הקבלן האזרחי. בוצעה ישיבה עם יוסי כהן ונווה כהן לצורך תיאום שלבי קבלת נתוני הציוד וביצוע תוכניות בשלבים על מנת להימנע מעצירת עבודות הקבלן האזרחי | V19: ממתינים לתחילת העבודה של הקבלן האזרחי. בוצעה ישיבה עם יוסי כהן ונווה כהן לצורך תיאום שלבי קבלת נתוני הציוד וביצוע תוכניות בשלבים על מנת להימנע מעצירת עבודות הקבלן האזרחי | W19: ממתינים לתחילת העבודה של הקבלן האזרחי. בוצעה ישיבה עם יוסי כהן ונווה כהן לצורך תיאום שלבי קבלת נתוני הציוד וביצוע תוכניות בשלבים על מנת להימנע מעצירת עבודות הקבלן האזרחי | X19: השלמת תכנון של מסדרי 400 ק"ו עם קבלת נתוני הציוד. | Y19: חסם לטיפול מנהל מגזר תכנון
B20: WBD-120 | C20: תפוח- הצבת תחמ"ש ניידת | D20: ניידת | E20: אוקון שמעון | G20: 46112 | H20: 46052 | J20: קבלת היתר | K20: ="WBS: " & B20 & CHAR(10) & "שם פרויקט: " & C20 & CHAR(10) & "מנה״פ: " & E20 & CHAR(10) & "יעד תכנית פיתוח: " & TEXT(G20,"dd/mm/yyyy") & CHAR(10) & "יעד מסתמן: " & TEXT(H20,"dd/mm/yyyy") -> WBS: WBD-120 שם פרויקט: תפוח- הצבת תחמ"ש ניידת מנה״פ: אוקון שמעון יעד תכנית פיתוח: 31/03/2026 יעד מסתמן: 30/01/2026 | M20: סיור עם כל הגורמים המעורבים בפרויקט בתחילת פברואר | N20: סיור עם כל הגורמים המעורבים בפרויקט בתחילת פברואר | O20: סיור עם כל הגורמים המעורבים בפרויקט בתחילת פברואר | P20: בוצע סיור עם גורמי תכנון ב 4.2, התקבלה דרישה מהקמ"ט למצוא מיקום חלופי | Q20: בוצע סיור עם גורמי תכנון ב 4.2, התקבלה דרישה מהקמ"ט למצוא מיקום חלופי | R20: בוצע סיור עם גורמי תכנון ב 4.2, התקבלה דרישה מהקמ"ט למצוא מיקום חלופי | S20: עדיין לא התקבלה תשובה ממנהל נכסים לגבי מיקום אלטרנטיבי | T20: עדיין לא התקבלה תשובה ממנהל נכסים לגבי מיקום אלטרנטיבי | U20: עדיין לא התקבלה תשובה ממנהל נכסים לגבי מיקום אלטרנטיבי | V20: עדיין לא התקבלה תשובה ממנהל נכסים לגבי מיקום אלטרנטיבי | W20: נבדקת חלופה מספר 2 למיקום חלופי לניידת | Y20: חסם לטיפול מנהל אגף
A21: כן | B21: WBD-090 | C21: ענתות-הצבת תחמ"ש ניידת 30 מגוו"א | D21: ניידת | E21: אוקון שמעון | G21: 46172 | H21: 46203 | J21: קבלת היתר | K21: ="WBS: " & B21 & CHAR(10) & "שם פרויקט: " & C21 & CHAR(10) & "מנה״פ: " & E21 & CHAR(10) & "יעד תכנית פיתוח: " & TEXT(G21,"dd/mm/yyyy") & CHAR(10) & "יעד מסתמן: " & TEXT(H21,"dd/mm/yyyy") -> WBS: WBD-090 שם פרויקט: ענתות-הצבת תחמ"ש ניידת 30 מגוו"א מנה״פ: אוקון שמעון יעד תכנית פיתוח: 30/05/2026 יעד מסתמן: 30/06/2026 | M21: תקוע באישורי קמ"ט ולא ניתן עד אז גם להוציא הזמנה לקבלן האזרחי שמתוכנן למכבים ומסוגל לבצע גם בענתות | N21: עדכון 14.1: תקוע באישורי קמ"ט ולא ניתן עד אז גם להוציא הזמנה לקבלן האזרחי שמתוכנן למכבים ומסוגל לבצע גם בענתות עדכון 20.1: הועברה תוכנית העמדה כולל פיתוח שטח שביל כניסה לאתר ליוסי סיטרון להמשך טיפול לאישור מול קמ"ט | O21: עדכון 14.1: תקוע באישורי קמ"ט ולא ניתן עד אז גם להוציא הזמנה לקבלן האזרחי שמתוכנן למכבים ומסוגל לבצע גם בענתות עדכון 20.1: הועברה תוכנית העמדה כולל פיתוח שטח שביל כניסה לאתר ליוסי סיטרון להמשך טיפול לאישור מול קמ"ט | P21: עדכון 14.1: תקוע באישורי קמ"ט ולא ניתן עד אז גם להוציא הזמנה לקבלן האזרחי שמתוכנן למכבים ומסוגל לבצע גם בענתות עדכון 20.1: הועברה תוכנית העמדה כולל פיתוח שטח שביל כניסה לאתר ליוסי סיטרון להמשך טיפול לאישור מול קמ"ט | Q21: תקוע באישורי קמ"ט ולא ניתן עד אז גם להוציא הזמנה לקבלן האזרחי שמתוכנן למכבים ומסוגל לבצע גם בענתות הועברה תוכנית העמדה כולל פיתוח שטח שביל כניסה לאתר ליוסי סיטרון להמשך טיפול לאישור מול קמ"ט | R21: תקוע באישורי קמ"ט ולא ניתן עד אז גם להוציא הזמנה לקבלן האזרחי שמתוכנן למכבים ומסוגל לבצע גם בענתות הועברה תוכנית העמדה כולל פיתוח שטח שביל כניסה לאתר ליוסי סיטרון להמשך טיפול לאישור מול קמ"ט | S21: תקוע באישורי קמ"ט ולא ניתן עד אז גם להוציא הזמנה לקבלן האזרחי שמתוכנן למכבים ומסוגל לבצע גם בענתות הועברה תוכנית העמדה כולל פיתוח שטח שביל כניסה לאתר ליוסי סיטרון להמשך טיפול לאישור מול קמ"ט | T21: תקוע באישורי קמ"ט ולא ניתן עד אז גם להוציא הזמנה לקבלן האזרחי שמתוכנן למכבים ומסוגל לבצע גם בענתות הועברה תוכנית העמדה כולל פיתוח שטח שביל כניסה לאתר ליוסי סיטרון להמשך טיפול לאישור מול קמ"ט | U21: תקוע באישורי קמ"ט ולא ניתן עד אז גם להוציא הזמנה לקבלן האזרחי שמתוכנן למכבים ומסוגל לבצע גם בענתות הועברה תוכנית העמדה כולל פיתוח שטח שביל כניסה לאתר ליוסי סיטרון להמשך טיפול לאישור מול קמ"ט | V21: תקוע באישורי קמ"ט ולא ניתן עד אז גם להוציא הזמנה לקבלן האזרחי שמתוכנן למכבים ומסוגל לבצע גם בענתות הועברה תוכנית העמדה כולל פיתוח שטח שביל כניסה לאתר ליוסי סיטרון להמשך טיפול לאישור מול קמ"ט | W21: תקוע באישורי קמ"ט ולא ניתן עד אז גם להוציא הזמנה לקבלן האזרחי שמתוכנן למכבים ומסוגל לבצע גם בענתות הועברה תוכנית העמדה כולל פיתוח שטח שביל כניסה לאתר ליוסי סיטרון להמשך טיפול לאישור מול קמ"ט | Y21: חסם לטיפול מנהל אגף
A22: כן | B22: WBD-121 | C22: עמנואל 2 ניידת- הצבת תחמ"ש ניידת | D22: ניידת | E22: אוקון שמעון | G22: 46203 | H22: 46052 | K22: ="WBS: " & B22 & CHAR(10) & "שם פרויקט: " & C22 & CHAR(10) & "מנה״פ: " & E22 & CHAR(10) & "יעד תכנית פיתוח: " & TEXT(G22,"dd/mm/yyyy") & CHAR(10) & "יעד מסתמן: " & TEXT(H22,"dd/mm/yyyy") -> WBS: WBD-121 שם פרויקט: עמנואל 2 ניידת- הצבת תחמ"ש ניידת מנה״פ: אוקון שמעון יעד תכנית פיתוח: 30/06/2026 יעד מסתמן: 30/01/2026 | M22: מתוכננת הובלה כפולה בליל ה 29.1 מאלעד לעמנואל ומעמנואל למודיעין הכנסת ניידת ב29.1 | N22: מתוכננת הובלה כפולה בליל ה 29.1 מאלעד לעמנואל ומעמנואל למודיעין הכנסת ניידת ב29.1 | O22: מתוכננת הובלה כפולה בליל ה 29.1 מאלעד לעמנואל ומעמנואל למודיעין הכנסת ניידת ב29.1 ניידת באלעד 2 פורקה, עברה טסט ומוכנה להובלה ב 26.1 תובלה הגיעו לעמנואל להכין את הנגרר לפינוי | P22: הניידת שהייתה מיועדת לעמנואל מאלעד 2 הוקצתה לירושלים ד, בהחלטת הנהלה עקב תקלה שהייתה בניידת בירושלים. בלילה 29.1 פונה הנגרר התקול מעמנואל למודיעין יש לקבל הקצאת ניידת עבור עמנואל | Q22: הניידת שהייתה מיועדת לעמנואל מאלעד 2 הוקצתה לירושלים ד, בהחלטת הנהלה עקב תקלה שהייתה בניידת בירושלים. בלילה 29.1 פונה הנגרר התקול מעמנואל למודיעין יש לקבל הקצאת ניידת עבור עמנואל | R22: הניידת שהייתה מיועדת לעמנואל מאלעד 2 הוקצתה לירושלים ד, בהחלטת הנהלה עקב תקלה שהייתה בניידת בירושלים. בלילה 29.1 פונה הנגרר התקול מעמנואל למודיעין יש לקבל הקצאת ניידת עבור עמנואל | S22: אין הקצאת ניידת - HOLD | T22: אין הקצאת ניידת - HOLD | U22: אין הקצאת ניידת - HOLD | V22: אין הקצאת ניידת - HOLD | W22: אין הקצאת ניידת - HOLD | Y22: חסם לטיפול מנהל אגף
B23: WBD-096 | C23: א.ת. מכבים- הצבת תחמ"ש ניידת 161/33 ק"ו, 20 מגוו"א | D23: ניידת | E23: אוקון שמעון | G23: 46599 | H23: 46259 | J23: קבלת היתר | K23: ="WBS: " & B23 & CHAR(10) & "שם פרויקט: " & C23 & CHAR(10) & "מנה״פ: " & E23 & CHAR(10) & "יעד תכנית פיתוח: " & TEXT(G23,"dd/mm/yyyy") & CHAR(10) & "יעד מסתמן: " & TEXT(H23,"dd/mm/yyyy") -> WBS: WBD-096 שם פרויקט: א.ת. מכבים- הצבת תחמ"ש ניידת 161/33 ק"ו, 20 מגוו"א מנה״פ: אוקון שמעון יעד תכנית פיתוח: 31/07/2027 יעד מסתמן: 25/08/2026 | M23: תקוע באישורי קמ"ט ולא ניתן עד אז גם להוציא הזמנה לקבלן האזרחי שבאתר | N23: עדכון 14.1: תקוע באישורי קמ"ט ולא ניתן עד אז גם להוציא הזמנה לקבלן האזרחי שבאתר עדכון 20.1: התקבלה הדעה מסעיד ביום 18.1-" יש התכנות רעיונית ונדרש להגיש תכנית מפורטת" - הנושא בבירור של יוסי סיטרון מול סעיד להבין מה נדרש להגיש (כבר הוגשה תכנית העמדה כפי שביקש) | O23: עדכון 14.1: תקוע באישורי קמ"ט ולא ניתן עד אז גם להוציא הזמנה לקבלן האזרחי שבאתר עדכון 20.1: התקבלה הדעה מסעיד ביום 18.1- יש התכנות רעיונית ונדרש להגיש תכנית מפורטת - הנושא בבירור של יוסי סיטרון מול סעיד להבין מה נדרש להגיש (כבר הוגשה תכנית העמדה כפי שביקש) | P23: עדכון 5.2: התקבל אישור קמ"ט אנרגיה לביצוע והקמת האתר לניידת מכבים. | Q23: התקבל אישור קמ"ט אנרגיה לביצוע והקמת האתר לניידת מכבים. | R23: התקבל אישור קמ"ט אנרגיה לביצוע והקמת האתר לניידת מכבים. | S23: בשלב מו"מ עם הקבלן | T23: בשלב מו"מ עם הקבלן | U23: בשלב מו"מ עם הקבלן | V23: בשלב מו"מ עם הקבלן | W23: בשלב הכנת הסכם רכש מול הקבלן
B24: WBD-123 | C24: א.ת. מכבים- הצבת תחמ"ש ניידת 161/24 ק"ו, 20 מגוו"א | D24: ניידת | E24: אוקון שמעון | G24: 46142 | H24: 46244 | J24: קבלת היתר | K24: ="WBS: " & B24 & CHAR(10) & "שם פרויקט: " & C24 & CHAR(10) & "מנה״פ: " & E24 & CHAR(10) & "יעד תכנית פיתוח: " & TEXT(G24,"dd/mm/yyyy") & CHAR(10) & "יעד מסתמן: " & TEXT(H24,"dd/mm/yyyy") -> WBS: WBD-123 שם פרויקט: א.ת. מכבים- הצבת תחמ"ש ניידת 161/24 ק"ו, 20 מגוו"א מנה״פ: אוקון שמעון יעד תכנית פיתוח: 30/04/2026 יעד מסתמן: 10/08/2026 | M24: תקוע באישורי קמ"ט ולא ניתן עד אז גם להוציא הזמנה לקבלן האזרחי שבאתר | N24: עדכון 14.1: תקוע באישורי קמ"ט ולא ניתן עד אז גם להוציא הזמנה לקבלן האזרחי שבאתר עדכון 20.1: התקבלה הדעה מסעיד ביום 18.1-" יש התכנות רעיונית ונדרש להגיש תכנית מפורטת" - הנושא בבירור של יוסי סיטרון מול סעיד להבין מה נדרש להגיש (כבר הוגשה תכנית העמדה כפי שביקש) | O24: עדכון 14.1: תקוע באישורי קמ"ט ולא ניתן עד אז גם להוציא הזמנה לקבלן האזרחי שבאתר עדכון 20.1: התקבלה הדעה מסעיד ביום 18.1-" יש התכנות רעיונית ונדרש להגיש תכנית מפורטת" - הנושא בבירור של יוסי סיטרון מול סעיד להבין מה נדרש להגיש (כבר הוגשה תכנית העמדה כפי שביקש) | P24: עדכון 5.2: התקבל אישור קמ"ט אנרגיה לביצוע והקמת האתר לניידת מכבים. | Q24: עדכון 5.2: התקבל אישור קמ"ט אנרגיה לביצוע והקמת האתר לניידת מכבים. | R24: התקבל אישור קמ"ט אנרגיה לביצוע והקמת האתר לניידת מכבים. | S24: בשלב מו"מ עם הקבלן | T24: בשלב מו"מ עם הקבלן | U24: בשלב מו"מ עם הקבלן | V24: בשלב מו"מ עם הקבלן | W24: בשלב הכנת הסכם רכש מול הקבלן
B25: WBE-288 | C25: שפרינצק-התקנת שנאי רביעי מס' 524, 50 מגוו"א וסוללות קבלים | D25: הרחבה | E25: ארליך-בקיש, רחלי | F25: רחאנה ענבל עינב | G25: 47118 | H25: טרם נקבע | J25: הקפאת תכולה | K25: ="WBS: " & B25 & CHAR(10) & "שם פרויקט: " & C25 & CHAR(10) & "מנה״פ: " & E25 & CHAR(10) & "יעד תכנית פיתוח: " & TEXT(G25,"dd/mm/yyyy") & CHAR(10) & "יעד מסתמן: " & TEXT(H25,"dd/mm/yyyy") -> WBS: WBE-288 שם פרויקט: שפרינצק-התקנת שנאי רביעי מס' 524, 50 מגוו"א וסוללות קבלים מנה״פ: ארליך-בקיש, רחלי יעד תכנית פיתוח: 31/12/2028 יעד מסתמן: טרם נקבע | S25: הוקדם מתוכנית הפיתוח מ 12/28 ל 06/27 , לא נעשה בתיאום עם חטיבת הפרויקטים, מסתמן שלא מסתנכרן עם הפרויקטים האחרים בתחנה. נדרשת פגישה עם כל בעלי העניין לניתוח כלל האשכול - באחריות מנה"פ. | T25: התקבל שינו מהתבונה - סיום ת.פ הוחזר ל 12/28. נדרשת פגישה עם כל בעלי העניין לניתוח כלל האשכול - באחריות מנה"פ. נדרש לקדם הזמת תכנון להיתר | U25: התקבל שינו מהתבונה - סיום ת.פ הוחזר ל 12/28. נדרשת פגישה עם כל בעלי העניין לניתוח כלל האשכול - באחריות מנה"פ. | V25: התקבל שינו מהתבונה - סיום ת.פ הוחזר ל 12/28. נדרשת פגישה עם כל בעלי העניין לניתוח כלל האשכול - באחריות מנה"פ. | W25: התקבל שינו מהתבונה - סיום ת.פ הוחזר ל 12/28. נדרשת פגישה עם כל בעלי העניין לניתוח כלל האשכול - באחריות מנה"פ. תתואם פגישה לקראת סוף אפריל | Y25: חסם לטיפול מנהל מגזר תכנון
B26: WBE-290 | C26: איילון- התקנת שנאי רביעי 75 מגוו"א 161/24 ק"ו | D26: הרחבה | E26: אוברקוביץ, ענת | F26: סויסה ענת | G26: 46387 | H26: 46386 | J26: תכנון | K26: ="WBS: " & B26 & CHAR(10) & "שם פרויקט: " & C26 & CHAR(10) & "מנה״פ: " & E26 & CHAR(10) & "יעד תכנית פיתוח: " & TEXT(G26,"dd/mm/yyyy") & CHAR(10) & "יעד מסתמן: " & TEXT(H26,"dd/mm/yyyy") -> WBS: WBE-290 שם פרויקט: איילון- התקנת שנאי רביעי 75 מגוו"א 161/24 ק"ו מנה״פ: אוברקוביץ, ענת יעד תכנית פיתוח: 31/12/2026 יעד מסתמן: 30/12/2026 | S26: פרויקט מתפרץ. בוצע סיור מקדים מול תכנון אלקטרומכני, מחלקת ציוד וכיבוי אש. נקבעה ישיבת התנעת פרויקט ל 25.02. | T26: בוצעה ישיבת התנעה לפרויקט. הוצאת הזמנה לתכנון אזרחי 03/26. כתב כמויות 06/26. בבדיקה מול רת"ק תוואי כבל 161 בין השנאי למסדר. | U26: בוצעה ישיבת התנעה לפרויקט. הוצאת הזמנה לתכנון אזרחי 03/26. כתב כמויות 06/26. בבדיקה מול רת"ק תוואי כבל 161 בין השנאי למסדר. | V26: הזמנה לתכנון אזרחי הופצה ב 16/3/26. בבדיקה מול רת"ק תוואי כבל 161 בין השנאי למסדר. | W26: הזמנה לתכנון אזרחי הופצה ב 16/3/26. בבדיקה מול רת"ק תוואי כבל 161 בין השנאי למסדר. תואמה פגישה עם צמ"ן לבחינת השטח לטובת העברת השנאי משטח 6. | X26: עמידה בלו"ז | Y26: חסם לטיפול מנהל מגזר תכנון
B27: WBD-128 | C27: תימורים- תכנון הצבת 2 תחמ"ש ניידות,30 מגוו"א כ"א | D27: ניידת | E27: אלטחן, קובי | F27: קיעביץ יוסף | G27: 46203 | H27: 46356 | J27: הקפאת תצורה | K27: ="WBS: " & B27 & CHAR(10) & "שם פרויקט: " & C27 & CHAR(10) & "מנה״פ: " & E27 & CHAR(10) & "יעד תכנית פיתוח: " & TEXT(G27,"dd/mm/yyyy") & CHAR(10) & "יעד מסתמן: " & TEXT(H27,"dd/mm/yyyy") -> WBS: WBD-128 שם פרויקט: תימורים- תכנון הצבת 2 תחמ"ש ניידות,30 מגוו"א כ"א מנה״פ: אלטחן, קובי יעד תכנית פיתוח: 30/06/2026 יעד מסתמן: 30/11/2026 | V27: בדיונים על סגירת תוכנית העמדה של הניידות. נקבעה ישיבת הקפאת תצורה לתאריך 29.3.26. נבחנת אפשרות להצבת הניידות מכוח צו שר במקום הליך היתר | W27: בדיונים על סגירת תוכנית העמדה של הניידות. נקבעה ישיבת הקפאת תצורה לתאריך 29.3.26. נבחנת אפשרות להצבת הניידות מכוח צו שר במקום הליך היתר | X27: משך הטיפול בהיתר עלול לקחת זמן רב אשר מייתר את הצורך בהצבת ניידות | Y27: חסם לטיפול מנהל אגף
B28: WBC-075 | C28: תימורים-הקמת תחמ"ש חיצונית 161/24 ק"ו | D28: הקמה | E28: אלטחן, קובי | F28: קיעביץ יוסף | G28: 46356 | H28: 46598 | J28: קבלת היתר | K28: ="WBS: " & B28 & CHAR(10) & "שם פרויקט: " & C28 & CHAR(10) & "מנה״פ: " & E28 & CHAR(10) & "יעד תכנית פיתוח: " & TEXT(G28,"dd/mm/yyyy") & CHAR(10) & "יעד מסתמן: " & TEXT(H28,"dd/mm/yyyy") -> WBS: WBC-075 שם פרויקט: תימורים-הקמת תחמ"ש חיצונית 161/24 ק"ו מנה״פ: אלטחן, קובי יעד תכנית פיתוח: 30/11/2026 יעד מסתמן: 30/07/2027 | M28: השבוע יצאה הזמנה של מועצה אזורית באר טוביה למתכנן קו הסניקה - משך התכנון - כחודש. התקבלו הערות לתיקון טרם דיון הועדה בהיתר הבנייה - התכנון עובד על תיקונם. עקב עיכוב בהגשת בקשה להיתר צפי לקבלת היתר 05/2026, חריגה מיעד ת.פ 11/26. | N28: הבקשה להיתר המתוקנת הוגשה שוב בתאריך 19.1.26 | O28: ממתינים לדיון ועדה. במקביל מקדמים את פרויקט הניידות | P28: ממתינים לדיון ועדה. במקביל מקדמים את פרויקט הניידות | Q28: הבקשה שוב חזרה עם הערות לתיקון. עובדים על תיקונם והבקשה תוגש שוב בשבוע הבא | R28: הבקשה שוב חזרה עם הערות לתיקון. עובדים על תיקונם והבקשה תוגש שוב עד סוף השבוע | S28: הבקשה להיתר הוגשה שוב, ממתינים לדיון ועדה. השבוע צפוי להסתיים התכנון של הקו סניקה | T28: הבקשה שוב נדחתה וניתנו הערות לתיקון. ביום חמישי צפויה להתקיים פגישה עם מהנדסת העיר להבין מה הבעיה (בכפוף למצב הביטחוני) | U28: התקיימה פגישה עם מח' הנדסה של העירייה ועברנו יחד על הערות שניתנו - הערות תוקנו והבקשה הוגשה שוב. | V28: ממתינים לקבלת תכנון חיצוני להעתקת קו הסניקה. הבקשה עברה ועדה והתקבלו תנאי התכן. שטח התארגנות סוכם עם מהנדסת העיר והועבר לטיפול מנר"א מול גזברות העירייה | W28: ממתינים לקבלת תכנון חיצוני להעתקת קו הסניקה. הבקשה עברה ועדה והתקבלו תנאי התכן. שטח התארגנות סוכם עם מהנדסת העיר והועבר לטיפול מנר"א מול גזברות העירייה | X28: קו הסניקה הקיים בשטח מהווה חסם לעלייה לקרקע.
B29: WBC-123 | C29: שחר(כוכב מיכאל)-הקמת תחמ"ש חיצונית | D29: הקמה | E29: אלטחן, קובי | F29: קיעביץ יוסף | G29: 46752 | H29: 46598 | J29: קבלת היתר | K29: ="WBS: " & B29 & CHAR(10) & "שם פרויקט: " & C29 & CHAR(10) & "מנה״פ: " & E29 & CHAR(10) & "יעד תכנית פיתוח: " & TEXT(G29,"dd/mm/yyyy") & CHAR(10) & "יעד מסתמן: " & TEXT(H29,"dd/mm/yyyy") -> WBS: WBC-123 שם פרויקט: שחר(כוכב מיכאל)-הקמת תחמ"ש חיצונית מנה״פ: אלטחן, קובי יעד תכנית פיתוח: 31/12/2027 יעד מסתמן: 30/07/2027 | M29: השבוע הוגשה הבקשה להיתר | N29: הבקשה להיתר חזרה עם הערות. צוות התכנון עובד על תיקונם | O29: הבקשה להיתר הוגשה שוב לאחר תיקון הערות. ממתינים לדיון ועדה | P29: הבקשה להיתר הוגשה שוב לאחר תיקון הערות. ממתינים לדיון ועדה | Q29: הבקשה להיתר הוגשה שוב לאחר תיקון הערות. ממתינים לדיון ועדה | R29: הבקשה להיתר הוגשה שוב לאחר תיקון הערות. ממתינים לדיון ועדה, כרגע צפי היתר ב 07/26 - עיכוב של חודשיים מהתכנון המקורי. נעשה את הכל כדי למזער את העיכוב. הצלחנו לבטל את הדרישה לפיתוח נופי סביב התחנה - חסכון של כ 250 אש"ח | S29: ממתינים לדיון ועדה כתב כמויות צפוי להסתיים בשבוע הבא | T29: ממתינים לדיון ועדה | U29: הבקשה הוגשה שוב וממתינים לדיון ועדה | V29: הבקשה שובצה לדיון ועדה לתאריך 11.5.26. פועלים כדי להקדים. חבילת מסירה של תכנון הועברה להערות הפיקוח ב 15.3.26 - נקבעה ישיבת RFT לתאריך 30.3.26 | W29: דיון הועדה הוקדם ל 14.4.26, עקב עיכוב בשליחת התוכניות המודפסות לפיקוח - ישיבת ה RFT נדחתה ל 15.4.26 | X29: סיכון - מטע הזיתים שקיים בשטח היה אמור להיות מפונה. עד כה המטע לא פונה.
A30: כן | B30: WBC-072 | C30: ראשון תעשיה- הקמת תחמ"ש פנימית 161/24 ק" | D30: הקמה | E30: אלטחן, קובי | F30: קיעביץ יוסף | G30: 46356 | H30: 46751 | J30: קבלת היתר | K30: ="WBS: " & B30 & CHAR(10) & "שם פרויקט: " & C30 & CHAR(10) & "מנה״פ: " & E30 & CHAR(10) & "יעד תכנית פיתוח: " & TEXT(G30,"dd/mm/yyyy") & CHAR(10) & "יעד מסתמן: " & TEXT(H30,"dd/mm/yyyy") -> WBS: WBC-072 שם פרויקט: ראשון תעשיה- הקמת תחמ"ש פנימית 161/24 ק" מנה״פ: אלטחן, קובי יעד תכנית פיתוח: 30/11/2026 יעד מסתמן: 30/12/2027 | M30: הסתיימו כל שלבי התכן והוגשו לעירייה – ממתינים לקבלת היתר. כל נושא הזכויות על הקרקע עדיין לא הוסדר מול העירייה –התקיימה פגישה עם סמנכ"ל העירייה להסרת חסמים. נושא רישום הזכויות ע"י העירייה מעכב את התקדמות הסכם וההיתר בוצע דיגום קרקע טרם תחילת העבודות - התקבלו תוצאות חלקיות וחלקיות אשר מצביעות על "חריגות קלות" בקרקע. | N30: כל נושא הזכויות על הקרקע עדיין לא הוסדר מול העירייה –התקיימה פגישה עם סמנכ"ל העירייה להסרת חסמים. נושא רישום הזכויות ע"י העירייה מעכב את התקדמות הסכם וההיתר | O30: ישנה התקדמות קלה בשיחות על הסכם הזכויות על הקרקע. העירייה במקביל הגישה את המסמכים לרישום המגרש בטאבו. ממתינים שהנושא יוסדר - באחריות מנר"א | P30: התקיימה פגישה נוספת עם העירייה בתאריך 1.2.26 וחלה התקדמות נוספת בשיחות על הסכם הזכויות על הקרקע. העירייה במקביל הגישה את המסמכים לרישום המגרש בטאבו. ממתינים שהנושא יוסדר - באחריות מנר"א | Q30: העירייה הגישה את המסמכים לרישום המגרש בטאבו. ממתינים שהנושא יוסדר - באחריות מנר"א | R30: העירייה הגישה את המסמכים לרישום המגרש בטאבו. ממתינים שהנושא יוסדר - באחריות מנר"א | S30: העירייה הגישה את המסמכים לרישום המגרש בטאבו. ממתינים שהנושא יוסדר - באחריות מנר"א | T30: העירייה הגישה את המסמכים לרישום המגרש בטאבו. ממתינים שהנושא יוסדר - באחריות מנר"א כמו כן ממתינים לדוח סקר קרקע מהמשרד להגנת הסביבה | U30: העירייה הגישה את המסמכים לרישום המגרש בטאבו. ממתינים שהנושא יוסדר - באחריות מנר"א כמו כן ממתינים לדוח סקר קרקע מהמשרד להגנת הסביבה | V30: העירייה הגישה את המסמכים לרישום המגרש בטאבו. ממתינים שהנושא יוסדר - באחריות מנר"א נקבעה ישיבה נוספת עם מנכ"ל העירייה לתאריך 22.3.26 כמו כן ממתינים לדוח סקר קרקע מהמשרד להגנת הסביבה | W30: התקיימה הפגישה עם מנכ"ל העירייה - העירייה מנסה לקדם את הטיפול ברישום הזכויות והתקבל מידע ממפ"י כי ההליך יושלם בתוך כשבועיים. תיקבע ישיבת המשך למעקב עם העירייה לאחר פסח מח' אסדרה סביבתית חווה קשיים רבים מול המשרד להגנת הסביבה בנושא אישור סקר קרקע היסטורי - תנאי לקבלת היתר הבנייה | X30: עיכוב בנושא הסדרת הזכויות על הקרקע אישור סקר קרקע היסטורי | Y30: חסם לטיפול מנהל אגף
B31: WBC-057 | C31: ליילנד-הקמת תחמ"ש פנימית 161/24ק"ו 50*2 | D31: הקמה | E31: אלטחן, קובי | F31: קיעביץ יוסף | G31: 46568 | H31: 46811 | J31: קבלת היתר | K31: ="WBS: " & B31 & CHAR(10) & "שם פרויקט: " & C31 & CHAR(10) & "מנה״פ: " & E31 & CHAR(10) & "יעד תכנית פיתוח: " & TEXT(G31,"dd/mm/yyyy") & CHAR(10) & "יעד מסתמן: " & TEXT(H31,"dd/mm/yyyy") -> WBS: WBC-057 שם פרויקט: ליילנד-הקמת תחמ"ש פנימית 161/24ק"ו 50*2 מנה״פ: אלטחן, קובי יעד תכנית פיתוח: 30/06/2027 יעד מסתמן: 28/02/2028 | M31: הבקשה להיתר הוגשה בשנית וממתינים לדיון ועדה , כמו כן צפויה פגישה עם מהנדס העיר 23.02.26 לקידום ההיתר, צפי קבלת היתר 06/2026. | N31: הבקשה היתר חזרה לתיקון הערות. צוות התכנון עובד על תיקונן | O31: ממתינים לדיון ועדה. | P31: ממתינים לדיון ועדה. | Q31: הבקשה שוב חזרה עם הערות לתיקון. עובדים על תיקונם והבקשה תוגש שוב בשבוע הבא | R31: אחת הערות מהעירייה דורשת התערבות משפטית - הנושא נידון עם ארז סרי, ממתינים לתשובת יועמ"שית של עיריית אשדוד | S31: העירייה טוענית כי עפ"י התב"ע לא ניתן לבנות מרתף - ארז סרי מנסה לפתור את הנושא מול היועמ"שית של עיריית אשדוד. פגישה מתוכננת שהייתה צריכה להתקיים עם מהנדס העיר אשדוד ב 24.2.26 נדחת ל 30.3.26 | T31: העירייה טוענית כי עפ"י התב"ע לא ניתן לבנות מרתף ומבקשת לשנות את מיקום התחנה- ארז סרי מנסה לפתור את הנושא מול היועמ"שית של עיריית אשדוד. פגישה מתוכננת שהייתה צריכה להתקיים עם מהנדס העיר אשדוד ב 24.2.26 נדחת ל 30.3.26 | U31: העירייה טוענית כי עפ"י התב"ע לא ניתן לבנות מרתף ומבקשת לשנות את מיקום התחנה- ארז סרי מנסה לפתור את הנושא מול היועמ"שית של עיריית אשדוד. פגישה מתוכננת שהייתה צריכה להתקיים עם מהנדס העיר אשדוד ב 24.2.26 נדחתה ל 30.3.26 | V31: העירייה טוענית כי עפ"י התב"ע לא ניתן לבנות מרתף ומבקשת לשנות את מיקום התחנה- ארז סרי מנסה לפתור את הנושא מול היועמ"שית של עיריית אשדוד. פגישה מתוכננת שהייתה צריכה להתקיים עם מהנדס העיר אשדוד ב 24.2.26 נדחתה ל 30.3.26 | W31: העירייה טוענית כי עפ"י התב"ע לא ניתן לבנות מרתף ומבקשת לשנות את מיקום התחנה- ארז סרי מנסה לפתור את הנושא מול היועמ"שית של עיריית אשדוד. פגישה מתוכננת שהייתה צריכה להתקיים עם מהנדס העיר אשדוד ב 24.2.26 נדחתה ל 30.3.26
B32: WBC-061 | C32: גן רווה-הקמת תחמ"ש חיצונית קבועה 161/24 ק"ו | D32: הקמה | E32: אלטחן, קובי | F32: קיעביץ יוסף | G32: 45838 | H32: חושמל ב30/06/2025 | J32: טופס 4 | K32: ="WBS: " & B32 & CHAR(10) & "שם פרויקט: " & C32 & CHAR(10) & "מנה״פ: " & E32 & CHAR(10) & "יעד תכנית פיתוח: " & TEXT(G32,"dd/mm/yyyy") & CHAR(10) & "יעד מסתמן: " & TEXT(H32,"dd/mm/yyyy") -> WBS: WBC-061 שם פרויקט: גן רווה-הקמת תחמ"ש חיצונית קבועה 161/24 ק"ו מנה״פ: אלטחן, קובי יעד תכנית פיתוח: 30/06/2025 יעד מסתמן: חושמל ב30/06/2025 | M32: האתר חושמל בתאריך 30/06/2025. נשאר לבצע מכירה של הציוד הקיים שיפורק על ידי הקבלנים – נבחר קבלן שצפוי להתחיל את העבודה בשבוע הבא. נדרש לבצע את הצומת לחיבור לכביש 4111 – התקבלה הצעה מנת"י לביצוע הצומת על ידם בעלות1.4 מש"ח . נת"י מתנהלת באיטיות בישיבות מו"מ. ישנה בעיה סטטוטורית להנחת קו המים, כרגע יש חיבור זמני ולא קבוע – הנושא מטופל ע"י מנר"א מול רשות המים. | N32: עד סוף השבוע הקבלן של הפירוק ארעית יסיים את עבודתו. תואמה כניסת קבלן אזרחי להשלמת פיתוח השטח לתאריך 1.2.26 | O32: הקבלן שרכש את הברזל סיים את עבודתו ופירק את תכולת התחמ"ש שיועדה למכירה. קבלן אזרחי צפוי להתחיל את עבודתו לפיתוח השטח ב 1.2.26 | P32: קבלן אזרחי התחיל להיערך לתחילת עבודות בפיתוח שטח הארעית. יחל את עבודתו השבוע. | Q32: הקבלן האזרחי החל בעבודות גידור האתר ושיקום דרך הגישה לקראת תחילת עבודות פיתוח שטח הארעית | R32: הקבלן החל היום 16.2.26 את עבודתו בפיתוח השטח של התחנה הארעית | S32: הקבלן ממשיך בעבודתו בפיתוח שטח | T32: הקבלן עצר את עבודתו עקב המצב הביטחוני | U32: הקבלן נערך לחזרה לעבודה לפיתוח שטח הארעית | V32: הקבלן חזר לעבודת פיתוח השטח | W32: הקבלן מתקדם בעבודות פיתוח השטח
B33: WBC-066 | C33: בית הלוחם- הקמת תחמ"ש פנימית | D33: הקמה | E33: אלטחן, קובי | F33: קיעביץ יוסף | G33: 45826 | H33: חושמל 18/06/2025 | J33: טופס 4 | K33: ="WBS: " & B33 & CHAR(10) & "שם פרויקט: " & C33 & CHAR(10) & "מנה״פ: " & E33 & CHAR(10) & "יעד תכנית פיתוח: " & TEXT(G33,"dd/mm/yyyy") & CHAR(10) & "יעד מסתמן: " & TEXT(H33,"dd/mm/yyyy") -> WBS: WBC-066 שם פרויקט: בית הלוחם- הקמת תחמ"ש פנימית מנה״פ: אלטחן, קובי יעד תכנית פיתוח: 18/06/2025 יעד מסתמן: חושמל 18/06/2025 | M33: התחנה מחושמלת עקב דרישות אג"א נדרש להחליף דלת ממ"ד. הקבלן סיים יציקת קירות הגנה, משלים את הפיתוח והגינון. התקיים פיקוח של העירייה לטובת תעודת גמר – התקבלו מס' הערות לתיקון – נדרש להגיש תוכנית שינויים לעירייה. ממשיכים טיפול בטופס 4 | N33: משלימים תנאים לקבלת תעודת גמר. ישנם מס' חסמים מול העירייה, עובדים על הסרתם | O33: משלימים תנאים לקבלת תעודת גמר. ישנם מס' חסמים מול העירייה, עובדים על הסרתם | P33: משלימים תנאים לקבלת תעודת גמר. ישנם מס' חסמים מול העירייה, עובדים על הסרתם | Q33: התקבל אישור פיקוד העורף. ישנם מס' חסמים מול העירייה - פעולים להסרתם | R33: התקבל אישור פיקוד העורף. ישנם מס' חסמים מול העירייה - פעולים להסרתם | S33: התקבל אישור פיקוד העורף. ישנם מס' חסמים מול העירייה - פעולים להסרתם | T33: התקבל אישור פיקוד העורף. ישנם מס' חסמים מול העירייה - פעולים להסרתם נקבעה פגישת זום עם העירייה ליום שני 9.3.26 (בכפוף למצב הביטחוני) | U33: התקבל אישור פיקוד העורף. ישנם מס' חסמים מול העירייה - פעולים להסרתם פגישת זום עם העירייה שתוכננה ל 9.3.26 (נדחתה ל 18.3.26 (בכפוף למצב הביטחוני) | V33: התקבל אישור פיקוד העורף. ישנם מס' חסמים מול העירייה - פעולים להסרתם פגישת זום עם העירייה שתוכננה ל 9.3.26 (נדחתה ל 18.3.26 (בכפוף למצב הביטחוני) | W33: התקיימה פגישה עם מהנדס העיר ומנהל אגף התנועה ומסתמן כי החסמים הוסרו. ממתינים להשלמת מדידה לצורך הכנת תוכנית שינויים | X33: קבלן אזרחי משלים את עבודתו בצורה איטית. ממתינים זמן רבל לקבלת המדידה ולשתילת העצים | Y33: חסם לטיפול מנהל מגזר בפיקוח
B34: WBE-285 | C34: איתן - הקמת שדה מס' 1 במסדר 161 ק"ו. יכולת זרם 2000 א'. משיק ל- WBM-40241. | D34: הרחבה | E34: אלטחן, קובי | F34: קיעביץ יוסף | G34: 46111 | H34: 46264 | J34: תכנון | K34: ="WBS: " & B34 & CHAR(10) & "שם פרויקט: " & C34 & CHAR(10) & "מנה״פ: " & E34 & CHAR(10) & "יעד תכנית פיתוח: " & TEXT(G34,"dd/mm/yyyy") & CHAR(10) & "יעד מסתמן: " & TEXT(H34,"dd/mm/yyyy") -> WBS: WBE-285 שם פרויקט: איתן - הקמת שדה מס' 1 במסדר 161 ק"ו. יכולת זרם 2000 א'. משיק ל- WBM-40241. מנה״פ: אלטחן, קובי יעד תכנית פיתוח: 30/03/2026 יעד מסתמן: 30/08/2026 | M34: עיכוב בקבלת תכנון, נמצא פתרון לקבלת תכנון בחלקים על מנת לא לעכב את הקבלן בביצוע | N34: יצא חלק ראשון של התכנון לפיקוח לצורך תחילת עבודות. התכנון עובד על החלק השני של שדה | O34: יצא חלק ראשון של התכנון לפיקוח לצורך תחילת עבודות. התכנון עובד על החלק השני של שדה | P34: הקבלן האזרחי עדיין לא החל את עבודתו בשדה 1 . מקדמים מולו את הנושא | Q34: הקבלן האזרחי עדיין לא החל את עבודתו בשדה 1 . מקדמים מולו את הנושא | R34: הקבלן עדיין לא החל את עבודתו בשדה 1 - ישנה סוגיה כספית מולו שמנסים לפתור אותה על מנת שיחזור לעבודה. | S34: הקבלן נערך לתחילת עבודותו על שדה 1 ותשתית הנחת כבלים לטובת הגנת פ"צ. | T34: הקבלן עדיין לא החל את עבודתו | U34: ממתינים להסדרת הדיווח לועדת המכרזים לצורך שהקבלן יחל את עבודתו | V34: ממתינים להסדרת הדיווח לועדת המכרזים לצורך שהקבלן יחל את עבודתו | W34: ממתינים להסדרת הדיווח לועדת המכרזים לצורך שהקבלן יחל את עבודתו | Y34: חסם לטיפול מנהל מגזר בפיקוח
A35: כן | B35: WBE-087 | C35: איתן-החל' שנאים ומסדרים-4 שלבים | D35: הרחבה | E35: אלטחן, קובי | F35: קיעביץ יוסף | G35: 46264 | H35: 46142 | J35: הרכבה חשמלית | K35: ="WBS: " & B35 & CHAR(10) & "שם פרויקט: " & C35 & CHAR(10) & "מנה״פ: " & E35 & CHAR(10) & "יעד תכנית פיתוח: " & TEXT(G35,"dd/mm/yyyy") & CHAR(10) & "יעד מסתמן: " & TEXT(H35,"dd/mm/yyyy") -> WBS: WBE-087 שם פרויקט: איתן-החל' שנאים ומסדרים-4 שלבים מנה״פ: אלטחן, קובי יעד תכנית פיתוח: 30/08/2026 יעד מסתמן: 30/04/2026 | M35: מסדר 24 ק"ו חושמל ב20/05.– מסדר מ"ג 522 הישן פורק שדרוג שדה 18 –עדיין לא החלו בדיקות הכנסה לניצול. שדרוג שדה 22 הסתיים. חושמל מסדר אפס של שנאי 522 , עבודות על יסוד שנאי 524 לקראת סיום ומסירה להרכבה חשמלית. קבלן סיים את העבודות המאצרה ומסדרי אפס. קושי בקבלת בודקים – צפי לעיכוב עבודות – נדרשת התערבות הנהלה (הוצג בנושאים קריטיים ב 1.12.25 (הנושא טרם הוסדר) עבודות הקמת שורת הפורטלים העבודה תדחה לעונת ההפסקות הבאה | N35: יסוד שנאי נמסר להרכבה חשמלית. עובדים על פיתוח השטח מסביב על מנת לאפשר למנוף להתמקם ולהציב את השנאי. חוסר בחווטים במסדר מ"ג מעכב את התקדמות העבודה | O35: ממתינים לצמ"ן לקבלת תאריך להצבת השנאי על היסוד - צפי להצבה בשבוע הבא. עושים את כל המאמצים לחשמל את שנאי 524 עד סוף חודש מרץ 26. | P35: שנאי יוצב על היסוד בתאריך 4.2.26 ומקדמים את העבודות לחשמול השנאי והמסדר עד סוף חודש מרץ 26. העבודות בשדה 11 בוטלו עקב העדפת קידום עבודות בצפית | Q35: שנאי 524 הוצב על היסוד - יעד חשמול סוף מרץ 26'. עקב ביטולים חוזים ונשנים של הפסקות נבנית בימים אלה תוכנית חדשה לאופן ניהול הפרויקט בתחמ"ש איתן שתוצג בקרוב למנהל האגף. | R35: שנאי 524 הוצב על היסוד - יעד חשמול סוף מרץ 26'. עקב ביטולים חוזים ונשנים של הפסקות נבנית בימים אלה תוכנית חדשה לאופן ניהול הפרויקט בתחמ"ש איתן שתוצג בקרוב למנהל האגף. | S35: שנאי 524 צריך להיות מחושמל בסוף חודש מרץ. בתאריך 24.2.26 עודכנתי כי הבודקים צריכים לצאת מאיתן לטובת פרויקט אחר - דבר שמעמיד בסכנה את חשמול השנאי בהתאם ליעד! נדרשת התערבות הנהלה! | T35: עקב המצב הביטחוני העבודות נעצרו. הבודקים יצאו מהאתר לטובת פרויקטי חירום לאור זאת חשמול השנאי 524 יידחה | U35: עקב המצב הביטחוני העבודות נעצרו. הבודקים יצאו מהאתר לטובת פרויקטי חירום לאור זאת חשמול השנאי 524 יידחה | V35: העבודות חודשו ובשל המחלמה וחג הפסח - חשמול שנאי 524 יידחה ככל הנראה לסוף חודש אפריל | W35: העבודות חודשו ובשל המחלמה וחג הפסח - חשמול שנאי 524 יידחה ככל הנראה לסוף חודש אפריל | X35: חוסר בבודקים | Y35: חסם לטיפול מנהל אגף | Z35: חסם לטיפול סמנכ"ל | AE35: חסם לטיפול מנהל אגף תפעול השנאה
B36: WBE-232 | C36: קרית המודיעין-הת' 2 שנאים 161/24ק'50 מגוו"א כ"א וסוללות קבלים | D36: הרחבה | E36: אלמארו זיאמר | F36: קיעביץ יוסף | G36: 46387 | H36: 46325 | J36: עבודה אזרחית | K36: ="WBS: " & B36 & CHAR(10) & "שם פרויקט: " & C36 & CHAR(10) & "מנה״פ: " & E36 & CHAR(10) & "יעד תכנית פיתוח: " & TEXT(G36,"dd/mm/yyyy") & CHAR(10) & "יעד מסתמן: " & TEXT(H36,"dd/mm/yyyy") -> WBS: WBE-232 שם פרויקט: קרית המודיעין-הת' 2 שנאים 161/24ק'50 מגוו"א כ"א וסוללות קבלים מנה״פ: אלמארו זיאמר יעד תכנית פיתוח: 31/12/2026 יעד מסתמן: 30/10/2026 | M36: הרכבה חשמלית עתידים להיכנס לביצוע בשנת 2026, הסיור שנקבע עם מגזר הביצוע נדחה בגלל הגשמים, יקבע מועד חדש | N36: נקבע סיור עם הרכבות לתאריך 22.1.26 לצורך בחינת הקדמת כניסה לעבודות הרכבה | O36: בתאריך 22.1.26 בוצע סיור עם הרכבות חשמליות ויחידת התחמ"ש בכדי לבחון הקדמת כניסת הרכבה חשמלית, סוכם להכין לו"ז עקרוני להקדמת החשמול | P36: בהמשך לסיור מתאריך 22.1.26 הוכן גאנט ראשוני לקיצור לו"ז הפרויקט והועבר להתייחסות נציגי חח"י, ממתין להתייחסות | Q36: בתאריך 5.2.26 בוצע סיור בתחמ"ש יחד עם נציג הרכבות חשמליות לצורך בחינת השטח והעברת דרישות כתנאי לכניסה של הרכבות חשמליות. הדרישות הועברו ליזם לצורך התארגנות | R36: בהמתנה לתשובות היזם לצורך התארגנות הרכבה חשמלית | S36: העבודות בשטח מתקדמות, במקביל מקדמים התאמות לכניסת הרכבות חשמליות. צפי לכניסת הרכבות חשמליות 15.3.26 | T36: העבודות בשטח מתקדמות, במקביל מקדמים התאמות לכניסת הרכבות חשמליות. צפי לכניסת הרכבות חשמליות 15.3.26 . יורם עדני עדכן שהרכבות חשמליות לא יכנסו לעבודות בקריית מודיעין לפני פסח | U36: העבודות בשטח מתקדמות, במקביל מקדמים התאמות לכניסת הרכבות חשמליות. צפי לכניסת הרכבות חשמליות 15.3.26 . יורם עדני עדכן שהרכבות חשמליות לא יכנסו לעבודות בקריית מודיעין לפני פסח | V36: העבודות בשטח מתקדמות, במקביל מקדמים התאמות לכניסת הרכבות חשמליות. בתאריך 17.3.26 מתוכנן סיור נוסף עם נציג הרכבה חשמלית לבחינת מוכנות השטח לכניסת הרכבות חשמליות. | W36: העבודות בשטח מתקדמות, במקביל מקדמים התאמות לכניסת הרכבות חשמליות. בתאריך 17.3.26 בוצע סיור עם נציג הרכבה חשמלית לבחינת מוכנות השטח לכניסת הרכבות חשמליות. הרכבות מבקשים לעשות סיור נוסף עם יורם | X36: תכנון, ביצוע ופיקוח ע"י היזם - מעורבות חח"י מוגבלת | Y36: חסם לטיפול מנהל מגזר ביצוע
B37: WBE-236 | C37: נתיבות-הקמת שדה קו 161 ק"ו חדש מס' 9 יכולת 3000 א' | D37: הרחבה | E37: אלמארו זיאמר | F37: קיעביץ יוסף | G37: 47848 | H37: 47572 | J37: תכנון | K37: ="WBS: " & B37 & CHAR(10) & "שם פרויקט: " & C37 & CHAR(10) & "מנה״פ: " & E37 & CHAR(10) & "יעד תכנית פיתוח: " & TEXT(G37,"dd/mm/yyyy") & CHAR(10) & "יעד מסתמן: " & TEXT(H37,"dd/mm/yyyy") -> WBS: WBE-236 שם פרויקט: נתיבות-הקמת שדה קו 161 ק"ו חדש מס' 9 יכולת 3000 א' מנה״פ: אלמארו זיאמר יעד תכנית פיתוח: 31/12/2030 יעד מסתמן: 30/03/2030 | M37: הועבר בקשה לתכנון אזרחי האם הפורטלים עמידים לשדרוג הקו | N37: ממתינים להייחסות תכנון אזרחי לצורך קידום תכנון | O37: בתאריך 19.1.26 התקבלה התייחסות של תכנון אזרחי שהפורטלים בשדה 9 לא יעמדו בעומסים של השדרוג, נידרש לבחון את המשמעות של ההתייחסות לאשכול הפרויקטים בתחמ"ש | P37: 1.2.26 נבחן אפשרות להוריד עומסים על הפורטלים, הנ"ל בטיפולו של אלכסנדר קנוכט , במקביל בוחנים משמעויות של אשכול הפרויקטים אם ובמידה ולא ניתן לשדרג את פסי הצבירה | Q37: בהסכמה של תכנון אזרחי ותכנון אלקטרומכני הוחלט שאם העומסים החדשים לאחר השדרוג לא עולים מהתכנון המקורי אז אין צורך בבדיקה נוספת. נדרש לקדם את הפרויקט | R37: בבדיקה לצורך סגירת תכולות | S37: בשלב תכנון ובדיקת לו"ז הפרויקט מול קשטן אלעזר | T37: בשלב תכנון ובדיקת לו"ז הפרויקט מול קשטן אלעזר | U37: בשלב תכנון ובדיקת לו"ז הפרויקט מול קשטן אלעזר | V37: בשלב תכנון ובדיקת לו"ז הפרויקט מול קשטן אלעזר. במקביל מתאמים פגישה מול נגה לבחינת אשכול הפרויקטים | W37: בשלב תכנון ובדיקת לו"ז הפרויקט מול קשטן אלעזר. במקביל מתאמים פגישה מול נגה לבחינת אשכול הפרויקטים
B38: WBM-40525 | C38: נתיבות - שדרוג שדה 3 ליכולת 2000A | D38: שוש | E38: אלמארו זיאמר | F38: קיעביץ יוסף | G38: 46387 | H38: 46387 | J38: תכנון | K38: ="WBS: " & B38 & CHAR(10) & "שם פרויקט: " & C38 & CHAR(10) & "מנה״פ: " & E38 & CHAR(10) & "יעד תכנית פיתוח: " & TEXT(G38,"dd/mm/yyyy") & CHAR(10) & "יעד מסתמן: " & TEXT(H38,"dd/mm/yyyy") -> WBS: WBM-40525 שם פרויקט: נתיבות - שדרוג שדה 3 ליכולת 2000A מנה״פ: אלמארו זיאמר יעד תכנית פיתוח: 31/12/2026 יעד מסתמן: 31/12/2026 | M38: בתאריך 7/12/25 תכנון אזרחי העביר התייחסות שהיסוד וחוזק הברגים עומדים בעומסים, אך ביקשו במקביל לבדוק את מיקום הברגים וקוטר הברגים. הוזמן מדידות לקוטר הברגים ומיקומם | N38: המדידות התקבלו והועברו לתכנון אלקטרומכני להמשך תכנון | O38: לאור התייחסות של תכנון אזרחי נידרש לקבל החלטה כיצד לקדם את הפרויקט | P38: בבחינה האם נכון להתקדם בשדרוג שדה 3 אם בסופו של דבר לא יהיה ניתן לשדרג את פסי הצבירה | Q38: מתקדמים עם התכנון, בסוף חודש 2/26 מתוכנן הקפאת תצורה | R38: בסוף חודש 2/26 מתוכנן הקפאת תצורה | S38: בתחילת 3/26 מתוכנן הקפאת תצורה | T38: בתאריך 8/3/26 מתוכנן הקפאת תצורה | U38: בתאריך 8.3.26 בוצע הקפאת תצורה, מתקדמים בתכנון וממתינים להתייחסות תו"ב מגזר התכנון ללו"ז שהוצג | V38: בתאריך 8.3.26 בוצע הקפאת תצורה, מתקדמים בתכנון וממתינים להתייחסות תו"ב מגזר התכנון ללו"ז שהוצג | W38: בתאריך 8.3.26 בוצע הקפאת תצורה, מתקדמים בתכנון וממתינים להתייחסות תו"ב מגזר התכנון ללו"ז שהוצג
B39: WBM-70032 | C39: נתיבות - פירוק סוללת קבלים והתקנת 4 סוללות מודולריות חדשות | D39: שוש | E39: אלמארו זיאמר | F39: קיעביץ יוסף | G39: 46751 | H39: 46751 | J39: תכנון | K39: ="WBS: " & B39 & CHAR(10) & "שם פרויקט: " & C39 & CHAR(10) & "מנה״פ: " & E39 & CHAR(10) & "יעד תכנית פיתוח: " & TEXT(G39,"dd/mm/yyyy") & CHAR(10) & "יעד מסתמן: " & TEXT(H39,"dd/mm/yyyy") -> WBS: WBM-70032 שם פרויקט: נתיבות - פירוק סוללת קבלים והתקנת 4 סוללות מודולריות חדשות מנה״פ: אלמארו זיאמר יעד תכנית פיתוח: 30/12/2027 יעד מסתמן: 30/12/2027 | M39: בתאריך 23.11.25 בוצע סיור בתחמ"ש לבחינת תכולות העבודה. נדרש לבחון חלופות לביצוע הפרויקט | N39: לבחון חלופות ולהוסיף לאשכול הפרויקטים בנתיבות | O39: לאור התייחסות של תכנון אזרחי נידרש לקבל החלטה כיצד לקדם את הפרויקט | P39: בשלבי תכנון של אלקטרומכני | Q39: מתקדמים עם התכנון, בסוף חודש 2/26 מתוכנן הקפאת תצורה | R39: בסוף חודש 2/26 מתוכנן הקפאת תצורה | S39: בתחילת 3/26 מתוכנן הקפאת תצורה | T39: בתאריך 8/3/26 מתוכנן הקפאת תצורה | U39: בתאריך 8.3.26 בוצע הקפאת תצורה, מתקדמים בתכנון וממתינים להתייחסות תו"ב מגזר התכנון ללו"ז שהוצג | V39: בתאריך 8.3.26 בוצע הקפאת תצורה, מתקדמים בתכנון וממתינים להתייחסות תו"ב מגזר התכנון ללו"ז שהוצג | W39: בתאריך 8.3.26 בוצע הקפאת תצורה, מתקדמים בתכנון וממתינים להתייחסות תו"ב מגזר התכנון ללו"ז שהוצג
B40: WBD-093 | C40: ניר יצחק ניידת-הצבת 2 תחמ"ש ניידות | D40: ניידת | E40: אלמארו זיאמר | F40: קיעביץ יוסף | G40: 46203 | H40: 46356 | J40: תכנון | K40: ="WBS: " & B40 & CHAR(10) & "שם פרויקט: " & C40 & CHAR(10) & "מנה״פ: " & E40 & CHAR(10) & "יעד תכנית פיתוח: " & TEXT(G40,"dd/mm/yyyy") & CHAR(10) & "יעד מסתמן: " & TEXT(H40,"dd/mm/yyyy") -> WBS: WBD-093 שם פרויקט: ניר יצחק ניידת-הצבת 2 תחמ"ש ניידות מנה״פ: אלמארו זיאמר יעד תכנית פיתוח: 30/06/2026 יעד מסתמן: 30/11/2026 | M40: ממתינים לתכנית ביסוס של המטה ההנדסי עבור עמודים של מ"ע לצורך המשך תכנון | N40: התקבל תכנית ביסוס והועבר לתכנון אלקטרומכני לסגירות האחרונות של התכנון וכן הזמנת תכנון אזרחי | O40: התקבל תכנית ביסוס והועבר לתכנון אלקטרומכני לסגירות האחרונות של התכנון וכן הזמנת תכנון אזרחי | P40: נווה כהן ביקש להקפיא את הפרויקט | Q40: מתנהל דוח שיח בין חטיבת הרשת לאגף התכנון, נידרש להחליט אם מקפיאים את הפרויקט או מקדמים. | R40: עדיין בשלבי קבלת החלטה לגבי המשך הפרויקט | S40: אגף התכנון "הקפיא" את הפרויקט, נדרש מכתב הצדקה מחטיבת רשת לקידום הניידות, במקביל מקדמים את ההקמה של התחנה הקבוע | T40: בתהליך תיאום פגישת המשך עם מהנדס הוועדה בנושא בקשת חח"י להציב את הניידות בפטור מהיתר. במקביל חטיבת רשת נידרשים להעביר מכתב הצדקה להצבת הניידות לאור העובדה שמקדמים גם את ההקמה של התחנה הקבוע | U40: בתאריך 10.3.26 מתוכנן הקפאת תצורה, מקדמים תכנון ובמאמצים לקבוע פגישת המשך מול מהנדס המחוז בנושא פטור מהיתר | V40: בתאריך 10.3.26 בוצע הקפאת תצורה, מקדמים תכנון ובמאמצים לקבוע פגישת המשך מול מהנדס המחוז בנושא פטור מהיתר, לאור הקושי בקביעת פגישה מול מהנדס הוועדה סוכם לנסח מכתב בקשה למהנדס | W40: בתאריך 10.3.26 בוצע הקפאת תצורה, מקדמים תכנון , לאור הקושי בקביעת פגישה מול מהנדס הוועדה נשלח מכתב בקשה למהנדס הוועדה להצבת הניידות בפטור | X40: אין היתר לתחנה, נידרש להחליט כיצד נכון להתקדם | Y40: חסם לטיפול מנהלת מחלקה
B41: WBC-122 | C41: ניר יצחק-הקמת תחמ"ש חיצונית ו- 2 שלבים | D41: הקמה | E41: אלמארו זיאמר | F41: קיעביץ יוסף | G41: 46691 | H41: 46507 | J41: תכנון | K41: ="WBS: " & B41 & CHAR(10) & "שם פרויקט: " & C41 & CHAR(10) & "מנה״פ: " & E41 & CHAR(10) & "יעד תכנית פיתוח: " & TEXT(G41,"dd/mm/yyyy") & CHAR(10) & "יעד מסתמן: " & TEXT(H41,"dd/mm/yyyy") -> WBS: WBC-122 שם פרויקט: ניר יצחק-הקמת תחמ"ש חיצונית ו- 2 שלבים מנה״פ: אלמארו זיאמר יעד תכנית פיתוח: 31/10/2027 יעד מסתמן: 30/04/2027 | M41: בתאריך 7.1.26 בוצע פגישת RFT, מתקמים לעדכון הערות מגזר הפיקוח והעברת החומר למח' מכרזים | N41: בוצע פגישת RFT בשלבי הכנות מסמך RFT עם הערות וגיבוש נסח 5א' סופי | O41: בוצע פגישת RFT בשלבי הכנות מסמך RFT עם הערות וגיבוש נסח 5א' סופי | P41: בתאריך 29.1.25 התקיימה פגישה עם מהנדס המועצה לצורך קידום הפקעת דרך הגישה לתחמ"ש והסדרת חיבור מים לתחנה . במקביל מתקדם שלב העברת החומר למכרז | Q41: בתאריך 3.2.26 חבילת המכרז הועברה למכרזים, מתקיימים שיחות בין הקיבוץ לחח"י בנושא דרך הגישה לתחמ"ש ולשטח השצ"פ. | R41: בסיום תהליך הכנת המכרז | S41: בתאריך 22.2.26 תנאי ההתקשרות של ניר יצחק אושרו בוועדה , צפי לסיור קבלנים במהלך חודש 3/26 . | T41: הופק אגרות לתשלום עבור ההיתר, צפי לסיור קבלנים בתוכנן למהלך חודש 3/26 | U41: אגר ההיתר שולמה בתאריך 8.3.26. ממתינים לסיור קבלנים ובמקביל מקדמים תיאום תכנון מול מקורות | V41: בתאריך 15.03.26 התקבל היתר לתחנה, במקביל מקדמים הליך מכרז, צפי לסיור קבלנים בשבוע של 22/3 וצפי לבחירת קבלן זוכה עד לסוף 4/26 | W41: בתאריך 15.03.26 התקבל היתר לתחנה, במקביל מקדמים הליך מכרז, צפי לסיור קבלנים בשבוע של 22/3 וצפי לבחירת קבלן זוכה עד לסוף 4/26
B42: WBC-083 | C42: בית הגדי- הקמת תחמ"ש חיצונית 161/24 ק"ו | D42: הקמה | E42: אלמארו זיאמר | F42: קיעביץ יוסף | G42: 46690 | H42: 46629 | J42: תכנון | K42: ="WBS: " & B42 & CHAR(10) & "שם פרויקט: " & C42 & CHAR(10) & "מנה״פ: " & E42 & CHAR(10) & "יעד תכנית פיתוח: " & TEXT(G42,"dd/mm/yyyy") & CHAR(10) & "יעד מסתמן: " & TEXT(H42,"dd/mm/yyyy") -> WBS: WBC-083 שם פרויקט: בית הגדי- הקמת תחמ"ש חיצונית 161/24 ק"ו מנה״פ: אלמארו זיאמר יעד תכנית פיתוח: 30/10/2027 יעד מסתמן: 30/08/2027 | M42: לו"ז סיום תכנון למכרז נדחה עקב שינוים בתכנון אלקטרומכני, במקביל מקדמים קבלת היתר | N42: בשלבים מתקדמים של תכנון למכרז | O42: בשלבים מתקדמים של תכנון למכרז | P42: בשלבים מתקדמים של תכנון למכרז | Q42: בשלבים מתקדמים של תכנון למכרז, צפי לקבלת כתב כמויות וחבילת תכנון במהלך חודש 3/2026 | R42: בשלבים מתקדמים של תכנון למכרז, צפי לקבלת כתב כמויות וחבילת תכנון במהלך חודש 3/2026 | S42: בשלבים מתקדמים של תכנון למכרז, צפי לקבלת כתב כמויות וחבילת תכנון במהלך חודש 3/2026 | T42: בשלבים מתקדמים של תכנון למכרז, צפי לקבלת כתב כמויות וחבילת תכנון במהלך חודש 3/2026 | U42: בשלבים מתקדמים של תכנון למכרז, צפי לקבלת כתב כמויות וחבילת תכנון במהלך חודש 3/2026 | V42: בשלבים מתקדמים של תכנון למכרז, קיים עיכוב בלו"ז עקב המלחמה. צפי לקבלת כתב כמויות וחבילת תכנון בסוף חודש 3/26 | W42: בשלבים מתקדמים של תכנון למכרז, קיים עיכוב בלו"ז עקב המלחמה. צפי לקבלת כתב כמויות וחבילת תכנון בסוף חודש 3/26
B43: WBE-177 | C43: אורים -חח"י-הוספת 2 שנאים 50 מגוו"א | D43: הרחבה | E43: אלמארו זיאמר | F43: קיעביץ יוסף | G43: 46934 | H43: 46751 | J43: עבודה אזרחית | K43: ="WBS: " & B43 & CHAR(10) & "שם פרויקט: " & C43 & CHAR(10) & "מנה״פ: " & E43 & CHAR(10) & "יעד תכנית פיתוח: " & TEXT(G43,"dd/mm/yyyy") & CHAR(10) & "יעד מסתמן: " & TEXT(H43,"dd/mm/yyyy") -> WBS: WBE-177 שם פרויקט: אורים -חח"י-הוספת 2 שנאים 50 מגוו"א מנה״פ: אלמארו זיאמר יעד תכנית פיתוח: 30/06/2028 יעד מסתמן: 30/12/2027 | M43: הקבלן עלה לקרקע, במקביל מתקדם תיאום תכנון, מתקיימות פגישות מו"מ לגיבוש הסכם מול היזם קיימות מס' סוגיות שעדיין במחלוקת | N43: הקבלן עלה לקרקע, במקביל מתקדם תיאום תכנון, מתקיימות פגישות מו"מ לגיבוש הסכם מול היזם קיימות מס' סוגיות שעדיין במחלוקת | O43: הקבלן עלה לקרקע, במקביל מתקדם תיאום תכנון, מתקיימות פגישות מו"מ לגיבוש הסכם מול היזם קיימות מס' סוגיות שעדיין במחלוקת | P43: הקבלן עלה לקרקע, במקביל מתקדם תיאום תכנון, מתקיימות פגישות מו"מ לגיבוש הסכם מול היזם קיימות מס' סוגיות שעדיין במחלוקת | Q43: הקבלן עלה לקרקע, במקביל מתקדם תיאום תכנון, מתקיימות פגישות מו"מ לגיבוש הסכם מול היזם קיימות מס' סוגיות שעדיין במחלוקת | R43: הקבלן עלה לקרקע, במקביל מתקדם תיאום תכנון, מתקיימות פגישות מו"מ לגיבוש הסכם מול היזם קיימות מס' סוגיות שעדיין במחלוקת | S43: הקבלן עלה לקרקע, במקביל מתקדם תיאום תכנון, מתקיימות פגישות מו"מ לגיבוש הסכם מול היזם קיימות מס' סוגיות שעדיין במחלוקת | T43: הקבלן עלה לקרקע, במקביל מתקדם תיאום תכנון, מתקיימות פגישות מו"מ לגיבוש הסכם מול היזם קיימות מס' סוגיות שעדיין במחלוקת | U43: הקבלן עלה לקרקע, במקביל מתקדם תיאום תכנון, מתקיימות פגישות מו"מ לגיבוש הסכם מול היזם קיימות מס' סוגיות שעדיין במחלוקת | V43: הקבלן עלה לקרקע, במקביל מתקדם תיאום תכנון, מתקיימות פגישות מו"מ לגיבוש הסכם מול היזם קיימות מס' סוגיות שעדיין במחלוקת | W43: הקבלן עלה לקרקע, במקביל מתקדם תיאום תכנון, מתקיימות פגישות מו"מ לגיבוש הסכם מול היזם קיימות מס' סוגיות שעדיין במחלוקת | X43: היזם "מאיים" לעצור את העבודות של חח"י אם לא נגיע להסכם חתום ואישור אבני דרך לתשלום בטרם נחתם חוזה
B44: WBE-237 | C44: אופקים-הקמת שדה קו 161 ק"ו (מס' 1) | D44: הרחבה | E44: אלמארו זיאמר | F44: קיעביץ יוסף | G44: 47664 | H44: 46660 | K44: ="WBS: " & B44 & CHAR(10) & "שם פרויקט: " & C44 & CHAR(10) & "מנה״פ: " & E44 & CHAR(10) & "יעד תכנית פיתוח: " & TEXT(G44,"dd/mm/yyyy") & CHAR(10) & "יעד מסתמן: " & TEXT(H44,"dd/mm/yyyy") -> WBS: WBE-237 שם פרויקט: אופקים-הקמת שדה קו 161 ק"ו (מס' 1) מנה״פ: אלמארו זיאמר יעד תכנית פיתוח: 30/06/2030 יעד מסתמן: 30/09/2027 | M44: עדיין לא בוצע התנעת פרויקט, מזגר התכנון לא רואה סיבה להניע בשלב זה את הפרויקט | N44: עדיין לא בוצע התנעת פרויקט, מגזר התכנון לא רואה סיבה להניע בשלב זה את הפרויקט | O44: עדיין לא בוצע התנעת פרויקט, מגזר התכנון לא רואה סיבה להניע בשלב זה את הפרויקט | P44: עדיין לא בוצע התנעת פרויקט, מגזר התכנון לא רואה סיבה להניע בשלב זה את הפרויקט | Q44: עדיין לא בוצע התנעת פרויקט, מגזר התכנון לא רואה סיבה להניע בשלב זה את הפרויקט | R44: עדיין לא בוצע התנעת פרויקט, מגזר התכנון לא רואה סיבה להניע בשלב זה את הפרויקט | S44: עדיין לא בוצע התנעת פרויקט, מגזר התכנון לא רואה סיבה להניע בשלב זה את הפרויקט | T44: אין מזכרים/נתונים לגבי הפרויקט | U44: ממתינים לקבלת מזכרים/נתונים לגבי הפרויקטים בתחמ"ש | V44: ממתינים לקבלת מזכרים/נתונים לגבי הפרויקטים בתחמ"ש | W44: ממתינים לקבלת מזכרים/נתונים לגבי הפרויקטים בתחמ"ש | Y44: חסם לטיפול רב פרויקטלי
B45: WBE-210 | C45: אופקים-הוספת שנאי רביעי ( 524) 50 מגוו"א | D45: הרחבה | E45: אלמארו זיאמר | F45: קיעביץ יוסף | G45: 47118 | H45: 47026 | K45: ="WBS: " & B45 & CHAR(10) & "שם פרויקט: " & C45 & CHAR(10) & "מנה״פ: " & E45 & CHAR(10) & "יעד תכנית פיתוח: " & TEXT(G45,"dd/mm/yyyy") & CHAR(10) & "יעד מסתמן: " & TEXT(H45,"dd/mm/yyyy") -> WBS: WBE-210 שם פרויקט: אופקים-הוספת שנאי רביעי ( 524) 50 מגוו"א מנה״פ: אלמארו זיאמר יעד תכנית פיתוח: 31/12/2028 יעד מסתמן: 30/09/2028 | M45: עדיין לא בוצע התנעת פרויקט, מזגר התכנון לא רואה סיבה להניע בשלב זה את הפרויקט | N45: עדיין לא בוצע התנעת פרויקט, מזגר התכנון לא רואה סיבה להניע בשלב זה את הפרויקט | O45: עדיין לא בוצע התנעת פרויקט, מזגר התכנון לא רואה סיבה להניע בשלב זה את הפרויקט | P45: עדיין לא בוצע התנעת פרויקט, מזגר התכנון לא רואה סיבה להניע בשלב זה את הפרויקט | Q45: עדיין לא בוצע התנעת פרויקט, מזגר התכנון לא רואה סיבה להניע בשלב זה את הפרויקט | R45: עדיין לא בוצע התנעת פרויקט, מזגר התכנון לא רואה סיבה להניע בשלב זה את הפרויקט | S45: עדיין לא בוצע התנעת פרויקט, מגזר התכנון לא רואה סיבה להניע בשלב זה את הפרויקט | T45: אין מזכרים/נתונים לגבי הפרויקט | U45: ממתינים לקבלת מזכרים/נתונים לגבי הפרויקטים בתחמ"ש | V45: ממתינים לקבלת מזכרים/נתונים לגבי הפרויקטים בתחמ"ש | W45: ממתינים לקבלת מזכרים/נתונים לגבי הפרויקטים בתחמ"ש | X45: לפרויקט יש STAGE הנדרש ל2027 יש להתחיל להניע את הפרויקט | Y45: חסם לטיפול רב פרויקטלי
B46: WBE-018 | C46: ת"א צפון-החלפת 2 שנאים 50 ל- 75 מגוו"א | D46: הרחבה | E46: ארליך-בקיש, רחלי | F46: רחאנה ענבל עינב | G46: 46688 | H46: שנאי 1 - 31/06/27 שנאי 2 - 31/08/27 | J46: הרכבה חשמלית | K46: ="WBS: " & B46 & CHAR(10) & "שם פרויקט: " & C46 & CHAR(10) & "מנה״פ: " & E46 & CHAR(10) & "יעד תכנית פיתוח: " & TEXT(G46,"dd/mm/yyyy") & CHAR(10) & "יעד מסתמן: " & TEXT(H46,"dd/mm/yyyy") -> WBS: WBE-018 שם פרויקט: ת"א צפון-החלפת 2 שנאים 50 ל- 75 מגוו"א מנה״פ: ארליך-בקיש, רחלי יעד תכנית פיתוח: 28/10/2027 יעד מסתמן: שנאי 1 - 31/06/27 שנאי 2 - 31/08/27 | M46: השנאים 75 מגוו"א הוסטו לפרויקט בת ים. כניסה לתחילת הרכבות נדחתה לאביב 2027 | N46: השנאים 75 מגוו"א הוסטו לפרויקט בת ים. כניסה לתחילת הרכבות נדחתה לאביב 2027 | O46: השנאים 75 מגוו"א הוסטו לפרויקט בת ים. כניסה לתחילת הרכבות נדחתה לאביב 2027 עדכון חדש: מתבצעת בדיקה מול הרכבה חשמלית מול משמעויות ביצוע פרויקט שו"ש החלפת מסדרי מ"ג יחד עם החלפת השנאים | P46: השנאים 75 מגוו"א הוסטו לפרויקט בת ים. כניסה לתחילת הרכבות נדחתה לאביב 2027 עדכון חדש: מתבצעת בדיקה מול הרכבה חשמלית מול משמעויות ביצוע פרויקט שו"ש החלפת מסדרי מ"ג יחד עם החלפת השנאים | Q46: השנאים 75 מגוו"א הוסטו לפרויקט בת ים. כניסה לתחילת הרכבות נדחתה לאביב 2027 עדכון חדש: מתבצעת בדיקה מול הרכבה חשמלית מול משמעויות ביצוע פרויקט שו"ש החלפת מסדרי מ"ג יחד עם החלפת השנאים | R46: השנאים 75 מגוו"א הוסטו לפרויקט בת ים. כניסה לתחילת הרכבות נדחתה לאביב 2027 עדכון : מתבצעת בדיקה מול הרכבה חשמלית מול משמעויות ביצוע פרויקט שו"ש החלפת מסדרי מ"ג יחד עם החלפת השנאים | S46: השנאים 75 מגוו"א הוסטו לפרויקט בת ים. כניסה לתחילת הרכבות נדחתה לאביב 2027 עדכון : מתבצעת בדיקה מול הרכבה חשמלית מול משמעויות ביצוע פרויקט שו"ש החלפת מסדרי מ"ג יחד עם החלפת השנאים | T46: השנאים 75 מגוו"א הוסטו לפרויקט בת ים. כניסה לתחילת הרכבות נדחתה לאביב 2027 עדכון : מתבצעת בדיקה מול הרכבה חשמלית מול משמעויות ביצוע פרויקט שו"ש החלפת מסדרי מ"ג יחד עם החלפת השנאים | U46: השנאים 75 מגוו"א הוסטו לפרויקט בת ים. כניסה לתחילת הרכבות נדחתה לאביב 2027 עדכון : מתבצעת בדיקה מול הרכבה חשמלית מול משמעויות ביצוע פרויקט שו"ש החלפת מסדרי מ"ג יחד עם החלפת השנאים | V46: השנאים 75 מגוו"א הוסטו לפרויקט בת ים. כניסה לתחילת הרכבות נדחתה לאביב 2027 עדכון : מתבצעת בדיקה מול הרכבה חשמלית מול משמעויות ביצוע פרויקט שו"ש החלפת מסדרי מ"ג יחד עם החלפת השנאים | W46: השנאים 75 מגוו"א הוסטו לפרויקט בת ים. כניסה לתחילת הרכבות נדחתה לאביב 2027 עדכון : מתבצעת בדיקה מול הרכבה חשמלית מול משמעויות ביצוע פרויקט שו"ש החלפת מסדרי מ"ג יחד עם החלפת השנאים
B47: WBD-119 | C47: שערי עכו- הצבת 2 תחמ"ש ניידות, 30 מגוו"ט כ"א | D47: ניידת | E47: ארליך-בקיש, רחלי | F47: רחאנה ענבל עינב | G47: 46203 | H47: 46507 | J47: תכנון | K47: ="WBS: " & B47 & CHAR(10) & "שם פרויקט: " & C47 & CHAR(10) & "מנה״פ: " & E47 & CHAR(10) & "יעד תכנית פיתוח: " & TEXT(G47,"dd/mm/yyyy") & CHAR(10) & "יעד מסתמן: " & TEXT(H47,"dd/mm/yyyy") -> WBS: WBD-119 שם פרויקט: שערי עכו- הצבת 2 תחמ"ש ניידות, 30 מגוו"ט כ"א מנה״פ: ארליך-בקיש, רחלי יעד תכנית פיתוח: 30/06/2026 יעד מסתמן: 30/04/2027 | M47: ממתין להחלטת מנהל אגף הרשת לנחיצות, מותנה בהוצאת הקווים מתחמ"ש יאסיף. | N47: ממתין להחלטת מנהל אגף הרשת לנחיצות, מותנה בהוצאת הקווים מתחמ"ש יאסיף. | O47: בשבוע הראשון של פברואר מתוכנן דיון אצל מנהל אגף הרשת לקבלת החלטה | P47: פגישה מתוכננת ליום ה' השבוע אצל מנהל אגף הרשת לקבלת החלטה | Q47: התקיימה פגישה אצל עופר מסרי, סוכם כי ינסו לחבר את הקווים מיאסיף ובמקביל הניידות לשערי עכו נדרשות לאפריל 2027 באחריות רחלי ונתי דביר לקדם אישור צו שר למיקום המקורי | R47: התקיימה פגישה אצל עופר מסרי, סוכם כי ינסו לחבר את הקווים מיאסיף ובמקביל הניידות לשערי עכו נדרשות לאפריל 2027 באחריות רחלי ונתי דביר לקדם אישור צו שר למיקום המקורי | S47: התקיימה פגישה אצל עופר מסרי, סוכם כי ינסו לחבר את הקווים מיאסיף ובמקביל הניידות לשערי עכו נדרשות לאפריל 2027 באחריות רחלי ונתי דביר לקדם אישור צו שר למיקום המקורי | T47: התקיימה פגישה אצל עופר מסרי, סוכם כי ינסו לחבר את הקווים מיאסיף ובמקביל הניידות לשערי עכו נדרשות לאפריל 2027 באחריות רחלי ונתי דביר לקדם אישור צו שר למיקום המקורי | U47: אין שינוי מחכים לפגישה עם ארז סרי - באחריות נתי דביר | V47: אין שינוי מחכים לפגישה עם ארז סרי - באחריות נתי דביר | W47: אין שינוי מחכים לפגישה עם ארז סרי - באחריות נתי דביר | X47: קיים סיכון באי קבלת אישור צו שר לאור דחייה קודמת
B48: WBE-282 | C48: שירת הדבורה-חח"י – התקנת שנאי שלישי 161/24 ק"ו, 50 מגוו"א מס' 523 | D48: הרחבה | E48: ארליך-בקיש, רחלי | F48: רחאנה ענבל עינב | G48: 46387 | H48: 46203 | J48: הרכבה חשמלית | K48: ="WBS: " & B48 & CHAR(10) & "שם פרויקט: " & C48 & CHAR(10) & "מנה״פ: " & E48 & CHAR(10) & "יעד תכנית פיתוח: " & TEXT(G48,"dd/mm/yyyy") & CHAR(10) & "יעד מסתמן: " & TEXT(H48,"dd/mm/yyyy") -> WBS: WBE-282 שם פרויקט: שירת הדבורה-חח"י – התקנת שנאי שלישי 161/24 ק"ו, 50 מגוו"א מס' 523 מנה״פ: ארליך-בקיש, רחלי יעד תכנית פיתוח: 31/12/2026 יעד מסתמן: 30/06/2026 | M48: השלמת הרכבה עבור הציוד החסר - מסדר 0 + מנתק פ"צ (שלא סופק ע"י היזם) | N48: השלמת הרכבה עבור הציוד החסר - מסדר 0 + מנתק פ"צ (שלא סופק ע"י היזם) | O48: השלמת הרכבה עבור הציוד החסר - מסדר 0 + מנתק פ"צ (שלא סופק ע"י היזם) | P48: השבוע החלה משיכת הציוד והתחלת התקנה | Q48: שבוע שעבר החלה משיכת הציוד והתחלת התקנה | R48: ב 15/02 צוות של הרכבה חשמלית חזר להשלמת התקנות באתר . קבלן מטעם היזם הגיע השבוע להשלמת אפוקסי באולם מסדרים. | S48: הושלם אפוקסי ע"י הקבלן, היה אירוע של נזילת מים מאולם המסדרים, מחכים לייבוש האולם לראות איך והאם השפיע על האפוקסי. נדרש תחקיר אירוע יחד עם היזם. | T48: צוות של הרכבה חשמלית יכנס לעבודה ביום רביעי הקרוב. | U48: הרכבה חשמלית ממשיכה בהתקנה | V48: השלמת הציוד המתינה לתיקון יסוד שדה 3 שהושלם השבוע, לאחריו יתקינו את הציודים החסרים, הרכבה חשמלית עובדים בצוות מצומצם בגלל סדרי עדיפויות. מסירה לבדיקות תידחה לאפריל וצפי חישמול יוני 2026. | W48: ב 23/3 בוצעה מסירה חלקית של ה.חשמלית לבדיקות של השנאי וארון פיקוד שדה. ביום ה' 26/3 צפויה מסירה של שדה שנאי . עבור מסירה סופית נדרש קבלן כבלים, השלמה של חיווט (נדרש בודק מלווה מהתחמ"ש) והשלמת ארון, בגלל סדרי עדיפויות צפי סיום למסירה - סוף אפריל ולכן חישמול ידחה ל 30/06/26 | X48: בשל העיכוב המתמשך מצד היזם וגם לאור המצב הבטחוני החדש - סיום הפרויקט בסיכון - צפי ל 30/06/26 | Y48: חסם לטיפול מנהל מגזר ביצוע | Z48: חסם לטיפול מנהל אגף תפעול השנאה
B49: WBE-167 | C49: שירת דבורה - תחמ"ש -הוספת 2 שנאי חח"י 50 מו"א | D49: הרחבה | E49: ארליך-בקיש, רחלי | F49: רחאנה ענבל עינב | G49: 45995 | H49: חושמל 04/12/2025 | J49: טופס 4 | K49: ="WBS: " & B49 & CHAR(10) & "שם פרויקט: " & C49 & CHAR(10) & "מנה״פ: " & E49 & CHAR(10) & "יעד תכנית פיתוח: " & TEXT(G49,"dd/mm/yyyy") & CHAR(10) & "יעד מסתמן: " & TEXT(H49,"dd/mm/yyyy") -> WBS: WBE-167 שם פרויקט: שירת דבורה - תחמ"ש -הוספת 2 שנאי חח"י 50 מו"א מנה״פ: ארליך-בקיש, רחלי יעד תכנית פיתוח: 04/12/2025 יעד מסתמן: חושמל 04/12/2025 | M49: שני השנאים חושמלו ממתינים לקבלת טופס 4 מהיזם וסגירת חוזה (ישנם נושאים פתוחים ברמה המשפטית לגבי שינויים ותשלום) | N49: שני השנאים חושמלו ממתינים לקבלת טופס 4 מהיזם וסגירת חוזה (ישנם נושאים פתוחים ברמה המשפטית לגבי שינויים ותשלום) | O49: שני השנאים חושמלו ממתינים לקבלת טופס 4 מהיזם וסגירת חוזה (ישנם נושאים פתוחים ברמה המשפטית לגבי שינויים ותשלום) | P49: שני השנאים חושמלו ממתינים לקבלת טופס 4 מהיזם וסגירת חוזה (ישנם נושאים פתוחים ברמה המשפטית לגבי שינויים ותשלום) | Q49: שני השנאים חושמלו ממתינים לקבלת טופס 4 מהיזם וסגירת חוזה (ישנם נושאים פתוחים ברמה המשפטית לגבי שינויים ותשלום) | R49: שני השנאים חושמלו ממתינים לקבלת טופס 4 מהיזם וסגירת חוזה (ישנם נושאים פתוחים ברמה המשפטית לגבי שינויים ותשלום) | S49: שני השנאים חושמלו ממתינים לקבלת טופס 4 מהיזם וסגירת חוזה (ישנם נושאים פתוחים ברמה המשפטית לגבי שינויים ותשלום) | T49: שני השנאים חושמלו ממתינים לקבלת טופס 4 מהיזם וסגירת חוזה (ישנם נושאים פתוחים ברמה המשפטית לגבי שינויים ותשלום) | U49: עפ"יי הנחיות קונסטרוקטור, היזם נדרש לתקן יסודות של המפסק. ממתינים להגעת קבלן של היזם | V49: קבלן היזם הגיע ב 15/3 לביצוע עיבוי למפסק, יום ד' יגיע לפרק את תמיכות העץ, ולאחריו ממתינים לקבל אישור קונסטרוקטור | W49: התקבל אישור קונסטרוקטור. הרכבות מתקינים את הציוד. נותר לסגור נושאים פיננסים מול אמל - באחריו רחלי וקבלת טופס 4 וסיום חוזה.
B50: WBE-229 | C50: קצרין- רב שלבי-החלפת 3 ניידות 20 מגוו"א ל2 שנאים 50 מגוו"א | D50: הרחבה | E50: ארליך-בקיש, רחלי | F50: רחאנה ענבל עינב | G50: 46051 | H50: בוצע ב 11/3 חושמלו הקווים ונותקו מהניידת | J50: הסתיים | K50: ="WBS: " & B50 & CHAR(10) & "שם פרויקט: " & C50 & CHAR(10) & "מנה״פ: " & E50 & CHAR(10) & "יעד תכנית פיתוח: " & TEXT(G50,"dd/mm/yyyy") & CHAR(10) & "יעד מסתמן: " & TEXT(H50,"dd/mm/yyyy") -> WBS: WBE-229 שם פרויקט: קצרין- רב שלבי-החלפת 3 ניידות 20 מגוו"א ל2 שנאים 50 מגוו"א מנה״פ: ארליך-בקיש, רחלי יעד תכנית פיתוח: 29/01/2026 יעד מסתמן: בוצע ב 11/3 חושמלו הקווים ונותקו מהניידת | M50: הושלמו הוצאת קיי מ"ג מהשנאי החדש, נותר לתאם הוצאת ניידת שלישית (לא נתיב קריטי) | N50: התברר כי טרם הסתיימה עבודת המחוז לניתוק הקוים מהניידת והעברתם לשנאי החדש ,תואמה השלמה לשבוע הבא | O50: התברר כי טרם הסתיימה עבודת המחוז לניתוק הקוים מהניידת והעברתם לשנאי החדש ,תואמה השלמה לשבוע הבא - בטיפול | P50: המחוז השלים את חפירת התוואי והטמנת הקווים החדשים, עכשיו שלב בדיקות ע"י יח' התחמ"ש, לאחריו תנותק הניידת. צפי סיום 28/02/2026 | Q50: הסתיימה הכנת הקווים ממתינים לבדיקת מעבדה לאישור לפני חישמול | R50: ב 22/02 תואמו בדיקות מעבדה לכבלים ו ב 01/03 מתוכנן חישמול וניתוק הניידת. לאחר מכן נתאם הוצאתה מהאתר. | S50: ב 22/02 תואמו בדיקות מעבדה לכבלים ו ב 01/03 מתוכנן חישמול וניתוק הניידת. לאחר מכן נתאם הוצאתה מהאתר. | T50: אין שינוי בשל המצב הבטחוני יתכן עיכוב | U50: היום מחושמלים הקווים האחרונים מהניידת. תיאום הוצאת הניידת באחריות רחלי מול דודו ששון | V50: הועברה בקשה לדודו ששון לקידום הוצאת הניידת. מועד העברת הניידת לזבולון יקבע ע"י דודו ויח' התחמ"ש (מותנה בסדרי עדיפויות ומצב בטחוני) | W50: ללא שינוי משבוע קודם. בניגוד לדיווח של יח' התחמ"ש (בלן דביר פרויקטור) הסתבר כי הניידת עדיו מחוברת לפס הצבירה וישנם עדין כבלים שפזורים באתר שנדרש פנות, נדרש להוציא גז.. באחריות רחלי לקיים פגישה ייעודים לסגירת הקצוות.
A51: כן | B51: WBE-100 | C51: נייר חדרה - שידרוג התחמ"ש | D51: הרחבה | E51: ארליך-בקיש, רחלי | F51: רחאנה ענבל עינב | G51: 46752 | H51: טרם נקבע | J51: תכנון | K51: ="WBS: " & B51 & CHAR(10) & "שם פרויקט: " & C51 & CHAR(10) & "מנה״פ: " & E51 & CHAR(10) & "יעד תכנית פיתוח: " & TEXT(G51,"dd/mm/yyyy") & CHAR(10) & "יעד מסתמן: " & TEXT(H51,"dd/mm/yyyy") -> WBS: WBE-100 שם פרויקט: נייר חדרה - שידרוג התחמ"ש מנה״פ: ארליך-בקיש, רחלי יעד תכנית פיתוח: 31/12/2027 יעד מסתמן: טרם נקבע | M51: ממתינים לקבלת תב"ע על מנת להתחיל תכנון להיתר | N51: ממתינים לקבלת תב"ע על מנת להתחיל תכנון להיתר | O51: עדכון שהתקבל מתכנון אזרחי: לאחר שעברנו הפקדה ותמה תקופת ההתנגדויות ללא אף התנגדות שהוגשה, המחוז קבע כי התכנית נדרשת לאישור שר. | P51: עדכון שהתקבל מתכנון אזרחי: לאחר שעברנו הפקדה ותמה תקופת ההתנגדויות ללא אף התנגדות שהוגשה, המחוז קבע כי התכנית נדרשת לאישור שר. | Q51: עדכון שהתקבל מתכנון אזרחי: לאחר שעברנו הפקדה ותמה תקופת ההתנגדויות ללא אף התנגדות שהוגשה, המחוז קבע כי התכנית נדרשת לאישור שר. | R51: התקבלה הודעה שהתוכנית צפויה לקבל אישור ואגרה תוך חודשיים. המשמעות היא שניתן לפתוח תיק להיתר רק לאחר קבלת התב"ע המעודכנת ולכן צריך לדחות את סיום הפרויקט בהתאם. | S51: התקבלה הודעה שהתוכנית צפויה לקבל אישור ואגרה תוך חודשיים. המשמעות היא שניתן לפתוח תיק להיתר רק לאחר קבלת התב"ע המעודכנת ולכן צריך לדחות את סיום הפרויקט בהתאם. | T51: התקבלה הודעה שהתוכנית צפויה לקבל אישור ואגרה תוך חודשיים. המשמעות היא שניתן לפתוח תיק להיתר רק לאחר קבלת התב"ע המעודכנת ולכן צריך לדחות את סיום הפרויקט בהתאם. | U51: התקבלה הודעה שהתוכנית צפויה לקבל אישור ואגרה תוך חודשיים. המשמעות היא שניתן לפתוח תיק להיתר רק לאחר קבלת התב"ע המעודכנת ולכן צריך לדחות את סיום הפרויקט בהתאם. | V51: התקבלה הודעה שהתוכנית צפויה לקבל אישור ואגרה תוך חודשיים. המשמעות היא שניתן לפתוח תיק להיתר רק לאחר קבלת התב"ע המעודכנת ולכן צריך לדחות את סיום הפרויקט בהתאם. | W51: התקבלה הודעה שהתוכנית צפויה לקבל אישור ואגרה תוך חודשיים. המשמעות היא שניתן לפתוח תיק להיתר רק לאחר קבלת התב"ע המעודכנת ולכן צריך לדחות את סיום הפרויקט בהתאם. | Y51: חסם לטיפול מנהלת מחלקה
B52: WBE-249 | C52: יאסיף-התקנת שני שנאים בהספק 50 מגו"א כ"א | D52: הרחבה | E52: ארליך-בקיש, רחלי | F52: רחאנה ענבל עינב | G52: 46752 | H52: 46264 | J52: הרכבה חשמלית | K52: ="WBS: " & B52 & CHAR(10) & "שם פרויקט: " & C52 & CHAR(10) & "מנה״פ: " & E52 & CHAR(10) & "יעד תכנית פיתוח: " & TEXT(G52,"dd/mm/yyyy") & CHAR(10) & "יעד מסתמן: " & TEXT(H52,"dd/mm/yyyy") -> WBS: WBE-249 שם פרויקט: יאסיף-התקנת שני שנאים בהספק 50 מגו"א כ"א מנה״פ: ארליך-בקיש, רחלי יעד תכנית פיתוח: 31/12/2027 יעד מסתמן: 30/08/2026 | M52: צוות של הרכבה חשמלית יחזור לתחנה עם השלמת הציוד החסר: מסדר 0 ותמיכות לשנאים. נדרש לתאם מילוי שמן | N52: צוות של הרכבה חשמלית יחזור לתחנה עם השלמת הציוד החסר: מסדר 0 ותמיכות לשנאים. נדרש לתאם מילוי שמן | O52: מילוי שמן נקבע ל 15/2/26 | P52: מילוי שמן נקבע ל 15/2/26 | Q52: מילוי השמן נדחה לתחילת מרץ בשל תעדוף מעודכן של האגף. במקביל משלימים בדיקת בושינגים ע"י המעבדה. | R52: הושלמה בדיקת הבושינגים. הרכבות יחזרו להתקנה עם מילוי השמן במרץ. | S52: ב 1/3 מתוכנן סיום מסירה עם היזם לטובת סגירת החוזה | T52: המסירה לא התבצעה בגלל המצב הבטחוני. יקבע מועד חדש. היום נכנס צוות להשלים הכנות בשנאי לקראת סחרור שמן. | U52: סחרור שמן יחל ב 11/03 עבור 2 השנאים. | V52: השבוע החלו סחרור שמן למשך כשבועיים | W52: השבוע מסתיים מילוי השמן ב 2 השנאים. חזרה של הרכבות לאתר תלויה בסדרי עדיפויות. | X52: לא נעמוד ביעד הפנימי שהוגדר ע"י החטיבה. צפי סיום 31/8/26 | Y52: חסם לטיפול מנהל מגזר ביצוע | Z52: חסם לטיפול מנהל אגף תפעול השנאה
B53: WBC-119 | C53: בראון (עמק הבכא)-הרחבת תחמ"ש פרטי(לחח"י) | D53: הקמה | E53: ארליך-בקיש, רחלי | F53: רחאנה ענבל עינב | G53: 46112 | H53: שנאי 1 חושמל 13/05 , שנאי 2+3 עתיד להתחשמל -06/2026 | J53: בדיקות | K53: ="WBS: " & B53 & CHAR(10) & "שם פרויקט: " & C53 & CHAR(10) & "מנה״פ: " & E53 & CHAR(10) & "יעד תכנית פיתוח: " & TEXT(G53,"dd/mm/yyyy") & CHAR(10) & "יעד מסתמן: " & TEXT(H53,"dd/mm/yyyy") -> WBS: WBC-119 שם פרויקט: בראון (עמק הבכא)-הרחבת תחמ"ש פרטי(לחח"י) מנה״פ: ארליך-בקיש, רחלי יעד תכנית פיתוח: 31/03/2026 יעד מסתמן: שנאי 1 חושמל 13/05 , שנאי 2+3 עתיד להתחשמל -06/2026 | M53: צוות הבדיקות נכנס השבוע לבדיקות הכנסה לניצול עבור 2 השנאים הנותרים (הוצאו מהתחנה לטובת פרויקטים אחרים) צפי סיום פבר'-מרץ 2026 | N53: צוות הבדיקות נכנס השבוע לבדיקות הכנסה לניצול עבור 2 השנאים הנותרים (הוצאו מהתחנה לטובת פרויקטים אחרים) צפי סיום פבר'-מרץ 2026 | O53: צוות הבדיקות נכנס לבדיקות הכנסה לניצול עבור 2 השנאים הנותרים (הוצאו מהתחנה לטובת פרויקטים אחרים) צפי סיום פבר'-מרץ 2026 - בטיפול | P53: צוות הבדיקות נכנס לבדיקות הכנסה לניצול עבור 2 השנאים הנותרים (הוצאו מהתחנה לטובת פרויקטים אחרים) צפי סיום פבר'-מרץ 2026 - בטיפול | Q53: צוות הבדיקות נכנס לבדיקות הכנסה לניצול עבור 2 השנאים הנותרים (הוצאו מהתחנה לטובת פרויקטים אחרים) צפי סיום פבר'-מרץ 2026 - בטיפול | R53: צוות הבדיקות נכנס לבדיקות הכנסה לניצול עבור 2 השנאים הנותרים (הוצאו מהתחנה לטובת פרויקטים אחרים) צפי סיום מרץ 2026 - בטיפול | S53: צוות הבדיקות נכנס לבדיקות הכנסה לניצול עבור 2 השנאים הנותרים (הוצאו מהתחנה לטובת פרויקטים אחרים) צפי סיום מרץ 2026 - בטיפול | T53: צוות הבדיקות נכנס לבדיקות הכנסה לניצול עבור 2 השנאים הנותרים (הוצאו מהתחנה לטובת פרויקטים אחרים) צפי סיום מרץ 2026 - בטיפול | U53: הצוות יצא לטיפול בניידת חירום בזבולון. גם עקב המצב הבטחוני בצפון, כרגע אין צפי חזרה | V53: הצוות יצא לטיפול בניידת חירום בזבולון. גם עקב המצב הבטחוני בצפון, כרגע אין צפי חזרה | W53: הצוות יצא לטיפול בניידת חירום בזבולון. גם עקב המצב הבטחוני בצפון, כרגע אין צפי חזרה | X53: לא נעמוד ביעד תוכנית הפיתוח. צפי סיום 06/26 | Y53: חסם לטיפול מנהל אגף תפעול השנאה
B54: WBE-192 | C54: בראון- התקנת שנאי רביעי 161/36 ק"ו, 50 מגוו"א | D54: הרחבה | E54: ארליך-בקיש, רחלי | F54: רחאנה ענבל עינב | G54: 46326 | H54: 46386 | J54: הקפאת תכולה | K54: ="WBS: " & B54 & CHAR(10) & "שם פרויקט: " & C54 & CHAR(10) & "מנה״פ: " & E54 & CHAR(10) & "יעד תכנית פיתוח: " & TEXT(G54,"dd/mm/yyyy") & CHAR(10) & "יעד מסתמן: " & TEXT(H54,"dd/mm/yyyy") -> WBS: WBE-192 שם פרויקט: בראון- התקנת שנאי רביעי 161/36 ק"ו, 50 מגוו"א מנה״פ: ארליך-בקיש, רחלי יעד תכנית פיתוח: 31/10/2026 יעד מסתמן: 30/12/2026 | M54: בבדיקת נחיצות של נגה, החלטה תתקבל בסוף ינואר 2026. בינתיים, מקדמים בקשה בקשה לפטור מהיתר | N54: בבדיקת נחיצות של נגה, החלטה תתקבל בסוף ינואר 2026. בינתיים, מקדמים בקשה בקשה לפטור מהיתר | O54: בבדיקת נחיצות של נגה, החלטה תתקבל בסוף ינואר 2026. בינתיים, מקדמים בקשה בקשה לפטור מהיתר- בטיפול | P54: טרם התקבלה נחיצות מנגה | Q54: טרם התקבלה נחיצות מנגה | R54: טרם התקבלה נחיצות מנגה | S54: טרם התקבלה נחיצות מנגה | T54: טרם התקבלה נחיצות מנגה | U54: טרם התקבלה נחיצות מנגה | V54: טרם התקבלה נחיצות מנגה | W54: טרם התקבלה נחיצות מנגה | Y54: חסם לטיפול מנהלת מחלקה
B55: WBE-191 | C55: בר לב - התקנת שנאי שלישי 161/24 ק"ו , 50 מגוו"א | D55: הרחבה | E55: ארליך-בקיש, רחלי | F55: רחאנה ענבל עינב | G55: 46387 | H55: 46507 | J55: תכנון | K55: ="WBS: " & B55 & CHAR(10) & "שם פרויקט: " & C55 & CHAR(10) & "מנה״פ: " & E55 & CHAR(10) & "יעד תכנית פיתוח: " & TEXT(G55,"dd/mm/yyyy") & CHAR(10) & "יעד מסתמן: " & TEXT(H55,"dd/mm/yyyy") -> WBS: WBE-191 שם פרויקט: בר לב - התקנת שנאי שלישי 161/24 ק"ו , 50 מגוו"א מנה״פ: ארליך-בקיש, רחלי יעד תכנית פיתוח: 31/12/2026 יעד מסתמן: 30/04/2027 | M55: התקיים דיון אצל מונה לבחינת קיצור לו"ז השלמת תכנון למכרז. נקבע השלמת תכנון עקרוני למכרז לשבוע הראשון של פברואר. באחריות רחלי לתאם DR להערות סוף ינואר | N55: התקיים דיון אצל מונה לבחינת קיצור לו"ז השלמת תכנון למכרז. נקבע השלמת תכנון עקרוני למכרז לשבוע הראשון של פברואר. באחריות רחלי לתאם DR להערות סוף ינואר | O55: התקיים דיון אצל מונה לבחינת קיצור לו"ז השלמת תכנון למכרז. נקבע השלמת תכנון עקרוני למכרז לשבוע הראשון של פברואר. באחריות רחלי לתאם DR להערות סוף ינואר- בטיפול | P55: נקבע DR ל 04/02 לבחינת סטטוס התקדמות השלמת החומר עד ליעד שנקבע 15/02/26 | Q55: התקיים סטטוס לקראת DR צפי קבלת כתב כמויות 15/02/26 הוצג למנהל האגף לו"ז מעודכן לסיום הפרויקט ב 12/26 | R55: ב 15/02 התקבלה דרישת הרכש מקדמים בדיקה קצרה ומתאמים מול פיקוח אזרחי בדיקת החומר והשלמת RFT | S55: ב 23/2 התקיים DR , עד 26/02 יועברו הערות אחרונות, תחילת שבוע יושלם נספח 5 ו RFT לטובת יציאה מהירה למכרז | T55: הוגשו הטפסים לפטור מהיתר. לאור המצב הבטחוני נספח 5 יושלם עד סוף השבוע | U55: נספח 5 יושלם עד 10/03 | V55: הושלם נספח 5 לאחר חתימה של גלי ואריאל יועבר לביצוע מכרז | W55: נחתם נספח 5 נדרש לקדם את המכרז. לפי מח' רכש סיום מכרז 15/06/26
B56: WBE-223 | C56: בית שאן-התקנת שנאי חמישי 161/24 ק"ו 50 מ | D56: הרחבה | E56: ארליך-בקיש, רחלי | F56: רחאנה ענבל עינב | G56: 46356 | H56: 46446 | J56: עבודה אזרחית | K56: ="WBS: " & B56 & CHAR(10) & "שם פרויקט: " & C56 & CHAR(10) & "מנה״פ: " & E56 & CHAR(10) & "יעד תכנית פיתוח: " & TEXT(G56,"dd/mm/yyyy") & CHAR(10) & "יעד מסתמן: " & TEXT(H56,"dd/mm/yyyy") -> WBS: WBE-223 שם פרויקט: בית שאן-התקנת שנאי חמישי 161/24 ק"ו 50 מ מנה״פ: ארליך-בקיש, רחלי יעד תכנית פיתוח: 30/11/2026 יעד מסתמן: 28/02/2027 | M56: בשלב עבודה אזרחית - שלב יציקת אולם מסדרים מתקדמים עם קיר תומך בצד התחנה התפעולית והשלמת יסודות מסדר 161 ק"ו לאחר שחרור ה HOLD . אושר שטח ההתארגנות והועבר לחח"י הסכם שכירות. התקבל מהעיריה אישור לפתיחת שער חירום עבור התחנה התפעולית במקום הסדרת דרך נוספת, אישור זה משחרר לקבלן לקדם ביצוע של יסודות השנאים על הדרך הראשית (יתואם סיור לקבלת אישור לשער מיח' התחמ"ש) | N56: התקבל אישור התחמ"ש לשער חירום ,ניתנה לקבלן האפשרות לקדם את העבודות ליסודות השנאים | O56: המשך עבודות אזרחיות. טיפול במועדי מסירה מעודכנים. נקבעה פגישה עם הקבלן למחר בבוקר עם הפיקוח להטמעת הלו"ז בגאנט הפרויקט | P56: התקבלו תאריכים מעודכנים ע:י הקבלן האזרחי בשלבי הטמעה במערכת חח"י | Q56: 1. ביום חמישי בשלב עבודות גישוש ליסוד מיכל המים התגלו מים והעבודות נעצרו. היום הגיע נציג של תאגיד המים ונציג מקורות לעזור לאתר את מקור המים ונמצא שהמים לא מגיעים מקו מקורות ולא מקו של התאגיד, הקבלן ממשיך בחפירות הגישוש. 2. בקיר הצפון מערבי, הקבלן השלים יציקה ומחר ישלים מילוי וחיפוי של קו מ"ג שנחשף. 3. עבודות הקבלן על הכלונסאות לקיר התמך המזרחי ממתינים לניתוק הקו שזוהה ע"י ארז בוהדנה. החיתוך יתבצע ביום חמישי 12/02/26. התעכבנו עם זיהוי הקו והחיתוך שלו קרוב ל 3 חודשים בהמתנה לגורם חח"י שיבוא לזהות (משפיע על לו"ז עבודות הקבלן ועלויות נוספות על ימי המתנה ביוזמת חח"י) בתחמ"ש בית שאן מתגלים בלתמ"ים רבים בעקבות תשתיות שנמצאות בשטח התחנה. לכל האירועים ישנה השפעה משמעותית על יכולת התקדמות הקבלן ליעדים שנקבעו במקור | R56: 1. הושלמו חפירות הגישוש ממתינים להנחיות תכנון אזרחי לגבי ביצוע היסוד. 2. הושלמה יציקת החומה והמילוי, וחודש הקו. 3. הסתיים ניתוק הקו והושלמו הכלונסאות. | S56: 1. התקבלו הנחיות מתכון מאזרחי לשינויים הנדרשים עבור יסוד המיכל והמשאבה. צפי מסירה ראשונה להרכבה חשמלית לאחר פסח. ממשיכים בעבודות עפ"י התוכנית. | T56: 1. התקבלו הנחיות מתכון מאזרחי לשינויים הנדרשים עבור יסוד המיכל והמשאבה. צפי מסירה ראשונה להרכבה חשמלית לאחר פסח. ממשיכים בעבודות עפ"י התוכנית. | U56: 9/3 התקיימה מנהלת ממשיכים לפי לו"ז | V56: 9/3 התקיימה מנהלת ממשיכים לפי לו"ז | W56: 23/03 התקיים סיור משותף יחד עם מח' בנין ונציגי ה. חשמלית לטובת היכיות ותיאומים לקראת מסירה ראשונה אחרי החגים.
B57: WBE-162 | C57: בית שאן- הקמת מסדר 161, בניין מסדרים מ"ג והחלפת שנאים 521,522,531 | D57: הרחבה | E57: ארליך-בקיש, רחלי | F57: רחאנה ענבל עינב | G57: 46386 | H57: 46446 | J57: עבודה אזרחית | K57: ="WBS: " & B57 & CHAR(10) & "שם פרויקט: " & C57 & CHAR(10) & "מנה״פ: " & E57 & CHAR(10) & "יעד תכנית פיתוח: " & TEXT(G57,"dd/mm/yyyy") & CHAR(10) & "יעד מסתמן: " & TEXT(H57,"dd/mm/yyyy") -> WBS: WBE-162 שם פרויקט: בית שאן- הקמת מסדר 161, בניין מסדרים מ"ג והחלפת שנאים 521,522,531 מנה״פ: ארליך-בקיש, רחלי יעד תכנית פיתוח: 30/12/2026 יעד מסתמן: 28/02/2027 | M57: בשלב עבודה אזרחית - שלב יציקת אולם מסדרים מתקדמים עם קיר תומך בצד התחנה התפעולית והשלמת יסודות מסדר 161 ק"ו לאחר שחרור ה HOLD . אושר שטח ההתארגנות והועבר לחח"י הסכם שכירות. התקבל מהעיריה אישור לפתיחת שער חירום עבור התחנה התפעולית במקום הסדרת דרך נוספת, אישור זה משחרר לקבלן לקדם ביצוע של יסודות השנאים על הדרך הראשית (יתואם סיור לקבלת אישור לשער מיח' התחמ"ש) | N57: התקבל אישור התחמ"ש לשער חירום ,ניתנה לקבלן האפשרות לקדם את העבודות ליסודות השנאים | O57: המשך עבודות אזרחיות. טיפול במועדי מסירה מעודכנים. נקבעה פגישה עם הקבלן למחר בבוקר עם הפיקוח להטמעת הלו"ז בגאנט הפרויקט | P57: התקבלו תאריכים מעודכנים ע:י הקבלן האזרחי בשלבי הטמעה במערכת חח"י | Q57: 1. ביום חמישי בשלב עבודות גישוש ליסוד מיכל המים התגלו מים והעבודות נעצרו. היום הגיע נציג של תאגיד המים ונציג מקורות לעזור לאתר את מקור המים ונמצא שהמים לא מגיעים מקו מקורות ולא מקו של התאגיד, הקבלן ממשיך בחפירות הגישוש. 2. בקיר הצפון מערבי, הקבלן השלים יציקה ומחר ישלים מילוי וחיפוי של קו מ"ג שנחשף. 3. עבודות הקבלן על הכלונסאות לקיר התמך המזרחי ממתינים לניתוק הקו שזוהה ע"י ארז בוהדנה. החיתוך יתבצע ביום חמישי 12/02/26. התעכבנו עם זיהוי הקו והחיתוך שלו קרוב ל 3 חודשים בהמתנה לגורם חח"י שיבוא לזהות (משפיע על לו"ז עבודות הקבלן ועלויות נוספות על ימי המתנה ביוזמת חח"י) בתחמ"ש בית שאן מתגלים בלתמ"ים רבים בעקבות תשתיות שנמצאות בשטח התחנה. לכל האירועים ישנה השפעה משמעותית על יכולת התקדמות הקבלן ליעדים שנקבעו במקור | R57: 1. הושלמו חפירות הגישוש ממתינים להנחיות תכנון אזרחי לגבי ביצוע היסוד. 2. הושלמה יציקת החומה והמילוי, וחודש הקו. 3. הסתיים ניתוק הקו והושלמו הכלונסאות. | S57: 1. התקבלו הנחיות מתכון מאזרחי לשינויים הנדרשים עבור יסוד המיכל והמשאבה. צפי מסירה ראשונה להרכבה חשמלית לאחר פסח. ממשיכים בעבודות עפ"י התוכנית. | T57: 1. התקבלו הנחיות מתכון מאזרחי לשינויים הנדרשים עבור יסוד המיכל והמשאבה. צפי מסירה ראשונה להרכבה חשמלית לאחר פסח. ממשיכים בעבודות עפ"י התוכנית. | U57: 9/3 התקיימה מנהלת ממשיכים לפי לו"ז | V57: 9/3 התקיימה מנהלת ממשיכים לפי לו"ז | W57: 23/03 התקיים סיור משותף יחד עם מח' בנין ונציגי ה. חשמלית לטובת היכיות ותיאומים לקראת מסירה ראשונה אחרי החגים.
B58: WBE-286 | C58: אלעד-התקנת שנאי שלישי 50 מגוו"א 161/24 ק"ו מס' 523 | D58: הרחבה | E58: ארליך-בקיש, רחלי | F58: רחאנה ענבל עינב | G58: 46752 | H58: 46660 | J58: הקפאת תצורה | K58: ="WBS: " & B58 & CHAR(10) & "שם פרויקט: " & C58 & CHAR(10) & "מנה״פ: " & E58 & CHAR(10) & "יעד תכנית פיתוח: " & TEXT(G58,"dd/mm/yyyy") & CHAR(10) & "יעד מסתמן: " & TEXT(H58,"dd/mm/yyyy") -> WBS: WBE-286 שם פרויקט: אלעד-התקנת שנאי שלישי 50 מגוו"א 161/24 ק"ו מס' 523 מנה״פ: ארליך-בקיש, רחלי יעד תכנית פיתוח: 31/12/2027 יעד מסתמן: 30/09/2027 | M58: הפרויקט אושר עקרונית מול נגה, ממתינים למעבר לאופרטיבי. צפי התנעת פרויקט Q1 2027. | N58: הפרויקט אושר עקרונית מול נגה, ממתינים למעבר לאופרטיבי. צפי התנעת פרויקט Q1 2027. | O58: הפרויקט אושר עקרונית מול נגה, ממתינים למעבר לאופרטיבי. צפי התנעת פרויקט Q1 2027. - בטיפול | P58: הפרויקט אושר עקרונית מול נגה, ממתינים למעבר לאופרטיבי. צפי התנעת פרויקט Q1 2027. - בטיפול | Q58: הפרויקט אושר עקרונית מול נגה, ממתינים למעבר לאופרטיבי. צפי התנעת פרויקט Q1 2027. - בטיפול | R58: הפרויקט אושר עקרונית מול נגה, ממתינים למעבר לאופרטיבי. צפי התנעת פרויקט Q1 2027. - בטיפול | S58: 23.2 התקיימה ישיבה לבקשת המחוז, לטובת הוספת קווים. נתבקשנו לבחון אפשרות של הקדמת הוספת המסדר 24 ק"ו עוד לפני השנאי. | T58: 23.2 התקיימה ישיבה לבקשת המחוז, לטובת הוספת קווים. נתבקשנו לבחון אפשרות של הקדמת הוספת המסדר 24 ק"ו עוד לפני השנאי. | U58: 23.2 התקיימה ישיבה לבקשת המחוז, לטובת הוספת קווים. נתבקשנו לבחון אפשרות של הקדמת הוספת המסדר 24 ק"ו עוד לפני השנאי. | V58: 9/3 התקיימה מנהלת ממשיכים לפי לו"ז | W58: 23/03 התקיים סיור משותף יחד עם מח' בנין ונציגי ה. חשמלית לטובת היכיות ותיאומים לקראת מסירה ראשונה אחרי החגים.
B59: WBC-068 | C59: אלעד- הקמת תחמ"ש חיצונית, 161/24 ק"ו | D59: הקמה | E59: ארליך-בקיש, רחלי | F59: רחאנה ענבל עינב | G59: 45929 | H59: חושמל 30/09/2025 | J59: טופס 4 | K59: ="WBS: " & B59 & CHAR(10) & "שם פרויקט: " & C59 & CHAR(10) & "מנה״פ: " & E59 & CHAR(10) & "יעד תכנית פיתוח: " & TEXT(G59,"dd/mm/yyyy") & CHAR(10) & "יעד מסתמן: " & TEXT(H59,"dd/mm/yyyy") -> WBS: WBC-068 שם פרויקט: אלעד- הקמת תחמ"ש חיצונית, 161/24 ק"ו מנה״פ: ארליך-בקיש, רחלי יעד תכנית פיתוח: 29/09/2025 יעד מסתמן: חושמל 30/09/2025 | M59: הוגשו כל הטפסים ממתינים לקבלת תשלום אגרה וטופס 4 - בטיפול שרונה | N59: העירייה אישרה טופס 4 ,אך הודיעה כי תעביר אותו רק לאחר פינוי הניידת והשלמת ניקוי השטח ( צפי 29/1 ) | O59: ב 29/1 הניידת יוצאת. בראשון יקודם ניקיון השטח. | P59: ביישורת האחרונה לקבלת טופס 4. טיפול בהערות אחרונות של נציג העירייה. עדכון ניידת: הניידת (אלעד 2) יצאה ב 29/1 מהאתר. השבוע טיפול בהחזרת השטח לקדמותו. קביעת סיור למסירה סופית של הקבלן הראשי באחריות סאמר. | Q59: ביישורת האחרונה לקבלת טופס 4. טיפול בהערות אחרונות של נציג העירייה. עדכון ניידת: הניידת (אלעד 2) יצאה ב 29/1 מהאתר. השבוע טיפול בהחזרת השטח לקדמותו. קביעת סיור למסירה סופית של הקבלן הראשי באחריות סאמר. | R59: טופס 4 - ללא שינוי השבוע מקדמים את החזרת השטח לקדמותו , העירייה התנתה את קבלת טופס 4 בפינוי שטח הניידת | S59: טופס 4 - קיבלנו אישור העירייה על פינוי שטח הניידת. יישורת אחרונה ממתינים לקבלת אגרה. | T59: בפגישה שהתקיימה עם עיריית אלעד, העירייה בקשה להעביר לה חישוב שטחים תפוסים בשביל הפקת אגרה - הועברה בקשה לתכנון אזרחי | U59: הועבר חישוב השטחים לפי בקשת העירייה. ממתינים לקבלת אגרה לתשלום. | V59: הועבר חישוב השטחים לפי בקשת העירייה. ממתינים לקבלת אגרה לתשלום.17/3 סיור עם מפקח העירייה לאחריו אגרה | W59: ב 17/03 התקיים סיור עם פיקוח העירייה. ממתינים לקבלת טופס 4 חתום.
A60: כן | B60: WBM-40194 | C60: תל אביב דרום - החלפת שנאי 512 ל-56 מגו"א | D60: שוש | E60: אשקבנד, נסים | F60: רביפור פריד | G60: 46477 | H60: 46477 | J60: הקפאת תכולה | K60: ="WBS: " & B60 & CHAR(10) & "שם פרויקט: " & C60 & CHAR(10) & "מנה״פ: " & E60 & CHAR(10) & "יעד תכנית פיתוח: " & TEXT(G60,"dd/mm/yyyy") & CHAR(10) & "יעד מסתמן: " & TEXT(H60,"dd/mm/yyyy") -> WBS: WBM-40194 שם פרויקט: תל אביב דרום - החלפת שנאי 512 ל-56 מגו"א מנה״פ: אשקבנד, נסים יעד תכנית פיתוח: 31/03/2027 יעד מסתמן: 31/03/2027 | M60: קיימת אפשרות לביטול הפרויקט - באחריות גיל חזום , רשמתי זאת בתאריך 12.01.26 ואני מצפה לקבל תשובות לא ייתכן שאני רושם הערות ואין תשובות | N60: =VLOOKUP('דוח שבועי עדכני'!$B60,'[1]דוח שבועי עדכני'!$B:$N,13,) -> #REF! | O60: קיימת אפשרות לביטול הפרויקט - באחריות גיל חזום , הועברה בקשה לPMO למתן מענה לגבי נחיצות | P60: קיימת אפשרות לביטול הפרויקט - באחריות גיל חזום , הועברה בקשה לPMO למתן מענה לגבי נחיצות | Q60: קיימת אפשרות לביטול הפרויקט - באחריות גיל חזום , הועברה בקשה לPMO למתן מענה לגבי נחיצות | R60: קיימת אפשרות לביטול הפרויקט - באחריות גיל חזום , הועברה בקשה לPMO למתן מענה לגבי נחיצות , אני רושם זאת יותר מחודש ואין תגובה | S60: קיימת אפשרות לביטול הפרויקט - באחריות גיל חזום , הועברה בקשה למתן מענה לגבי נחיצות , רושם זאת יותר מחודש ואין תגובה | T60: קיימת אפשרות לביטול הפרויקט - באחריות גיל חזום , הועברה בקשה למתן מענה לגבי נחיצות , רושם זאת יותר מחודש ואין תגובה | U60: פרויקט החלפת שנאי תקוע זמן רב ולא קודם מצד התכנון,שנה אני פונה לכל הגורמים במערכת בכדי שאקבל נתונים בנושא זה , אני דרשתי לקבל את התכנון בתאריך 03.27 , נאמר שפרויקט זה לא נמצא ברשימת התכנון לשנת 2026 ,השבוע פניתי שוב ואני ממתין למענה | V60: פרויקט החלפת שנאי תקוע זמן רב ולא קודם מצד התכנון,שנה אני פונה לכל הגורמים במערכת בכדי שאקבל נתונים בנושא זה , אני דרשתי לקבל את התכנון בתאריך 03.27 , נאמר שפרויקט זה לא נמצא ברשימת התכנון לשנת 2026 ,השבוע פניתי שוב ואני ממתין למענה | W60: פרויקט החלפת שנאי תקוע זמן רב ולא קודם מצד התכנון,שנה אני פונה לכל הגורמים במערכת בכדי שאקבל נתונים בנושא זה , אני דרשתי לקבל את התכנון בתאריך 03.27 , נאמר שפרויקט זה לא נמצא ברשימת התכנון לשנת 2026 ,השבוע פניתי שוב ואני ממתין למענה | X60: מכיוון שאני לא קיבלתי הקפאת תכולה , או מסמך כלשהוא בנדון ומכיוון שפרויקט זה לא נמצא בסדר עדיפות של תכנון , הפרויקט לא יסתיים בתאריך 03.2027 ונדרש לדחותו | Y60: חסם לטיפול מנהל אגף | Z60: חסם לטיפול רב פרויקטלי
B61: WBM-40276 | C61: באר שבע - שדרוג שדות 5, 13, שדרוג מקשר 7-8 והחלפת פ"צ | D61: שוש | E61: אשקבנד, נסים | F61: רביפור פריד | G61: 46326 | H61: 46752 | J61: הרכבה חשמלית | K61: ="WBS: " & B61 & CHAR(10) & "שם פרויקט: " & C61 & CHAR(10) & "מנה״פ: " & E61 & CHAR(10) & "יעד תכנית פיתוח: " & TEXT(G61,"dd/mm/yyyy") & CHAR(10) & "יעד מסתמן: " & TEXT(H61,"dd/mm/yyyy") -> WBS: WBM-40276 שם פרויקט: באר שבע - שדרוג שדות 5, 13, שדרוג מקשר 7-8 והחלפת פ"צ מנה״פ: אשקבנד, נסים יעד תכנית פיתוח: 31/10/2026 יעד מסתמן: 31/12/2027 | M61: ממתין לקבלת הפסקות להחלפת פסי צבירה | N61: =VLOOKUP('דוח שבועי עדכני'!$B61,'[1]דוח שבועי עדכני'!$B:$N,13,) -> #REF! | O61: ממתין לקבלת הפסקות: להחלפת פס צבירה 2 זה יקרה רק בתום חשמול 2 השנאים ברמת חובב כולל מסדרי מ"ג - צפי 04.2026 , לכן החלפת פ"צ 2 תהיב בסתין 2026 , החלפת פ"צ מס' 1 עדיין אין לכך תכנון וצפי ככל הנראה אביב 2027 | P61: ממתין לקבלת הפסקות: להחלפת פס צבירה 2 זה יקרה רק בתום חשמול 2 השנאים ברמת חובב כולל מסדרי מ"ג - צפי 04.2026 , לכן החלפת פ"צ 2 תהיב בסתין 2026 , החלפת פ"צ מס' 1 עדיין אין לכך תכנון וצפי ככל הנראה אביב 2027 , החלפת מנתק פ"צ 2 נקבעה להפסקות אביב 2026 | Q61: ממתין לקבלת הפסקות: להחלפת פס צבירה 2 זה יקרה רק בתום חשמול 2 השנאים ברמת חובב כולל מסדרי מ"ג - צפי 04.2026 , לכן החלפת פ"צ 2 תהיב בסתין 2026 , החלפת פ"צ מס' 1 עדיין אין לכך תכנון וצפי ככל הנראה אביב 2027 , החלפת מנתק פ"צ 2 נקבעה להפסקות אביב 2026 | R61: ממתין לקבלת הפסקות: להחלפת פס צבירה 2 זה יקרה רק בתום חשמול 2 השנאים ברמת חובב כולל מסדרי מ"ג - צפי 04.2026 , לכן החלפת פ"צ 2 תהיב בסתין 2026 , החלפת פ"צ מס' 1 עדיין אין לכך תכנון וצפי ככל הנראה אביב 2027 , החלפת מנתק פ"צ 2 נקבעה להפסקות אביב 2026 | S61: ממתין לקבלת הפסקות: להחלפת פס צבירה 2 זה יקרה רק בתום חשמול 2 השנאים ברמת חובב כולל מסדרי מ"ג - צפי 04.2026 , לכן החלפת פ"צ 2 תהיב בסתין 2026 , החלפת פ"צ מס' 1 עדיין אין לכך תכנון וצפי ככל הנראה אביב 2027 , החלפת מנתק פ"צ 2 נקבעה להפסקות אביב 2026 | T61: ממתין לקבלת הפסקות: להחלפת פס צבירה 2 זה יקרה רק בתום חשמול 2 השנאים ברמת חובב כולל מסדרי מ"ג - צפי 06.2026 , לכן החלפת פ"צ 2 תהיב בסתין 2026 , החלפת פ"צ מס' 1 עדיין אין לכך תכנון וצפי ככל הנראה אביב 2027 , החלפת מנתק פ"צ 2 נקבעה להפסקות אביב 2026 | U61: ממתין לקבלת הפסקות: להחלפת פס צבירה 2 זה יקרה רק בתום חשמול 2 השנאים ברמת חובב כולל מסדרי מ"ג - צפי 06.2026 , לכן החלפת פ"צ 2 תהיב בסתין 2026 , החלפת פ"צ מס' 1 עדיין אין לכך תכנון וצפי ככל הנראה אביב 2027 , החלפת מנתק פ"צ 2 נקבעה להפסקות אביב 2026 נדחה בעקבות המצב הבטחוני | V61: ממתין לקבלת הפסקות: להחלפת פס צבירה 2 זה יקרה רק בתום חשמול 2 השנאים ברמת חובב כולל מסדרי מ"ג - צפי 06.2026 , לכן החלפת פ"צ 2 תהיב בסתין 2026 , החלפת פ"צ מס' 1 עדיין אין לכך תכנון וצפי ככל הנראה אביב 2027 , החלפת מנתק פ"צ 2 נקבעה להפסקות אביב 2026 נדחה בעקבות המצב הבטחוני | W61: ממתין לקבלת הפסקות: להחלפת פס צבירה 2 זה יקרה רק בתום חשמול 2 השנאים ברמת חובב כולל מסדרי מ"ג - צפי 06.2026 , לכן החלפת פ"צ 2 תהיב בסתין 2026 , החלפת פ"צ מס' 1 עדיין אין לכך תכנון וצפי ככל הנראה אביב 2027 , החלפת מנתק פ"צ 2 נקבעה להפסקות אביב 2026 נדחה בעקבות המצב הבטחוני | Y61: חסם לטיפול מנהל מגזר בפיקוח
B62: WBM-40221 | C62: כורנוב- תוספת שדה מספר 1 ושדרוג שדה 7. | D62: שוש | E62: אשקבנד, נסים | F62: רביפור פריד | G62: 12.2027 12.2028 | H62: 47117 | J62: הקפאת תכולה | K62: ="WBS: " & B62 & CHAR(10) & "שם פרויקט: " & C62 & CHAR(10) & "מנה״פ: " & E62 & CHAR(10) & "יעד תכנית פיתוח: " & TEXT(G62,"dd/mm/yyyy") & CHAR(10) & "יעד מסתמן: " & TEXT(H62,"dd/mm/yyyy") -> WBS: WBM-40221 שם פרויקט: כורנוב- תוספת שדה מספר 1 ושדרוג שדה 7. מנה״פ: אשקבנד, נסים יעד תכנית פיתוח: 12.2027 12.2028 יעד מסתמן: 30/12/2028 | M62: הפרויקט הוא: תוספת שדה מספר 1 ושדרוג שדה 7. מבדיקת נציג פרויקטי הולכה, סול נתנאל וגיל חזום, ככל הנראה הפרויקט נדרש לתאריך 06/2028. ממתינים לאישור סופי.( שוב פעם עד מתי אני אמתיו) מנה"פ בקש מתכנון אלק"מ להתחיל בתכנון ולהוציא הזמנה לתכנון אזרחי לבניית שדה מס'1 ובניית יסודות לשדה 7 כעת (אין צורך בהפסקות). מנהל התכנון, מק נאור לא מוכן לבצע זאת כעת עקב עבודות רבות המחלקתו. | N62: =VLOOKUP('דוח שבועי עדכני'!$B62,'[1]דוח שבועי עדכני'!$B:$N,13,) -> #REF! | O62: הפרויקט הוא: תוספת שדה מספר 1 ושדרוג שדה 7. בתאריך 21.01.2026 התקבל מזכר מנגה בו מצויין כי תוספת שדה מס' 1 עד 12.2027 וכי שדרוג שדה 7 עד 12.2028 ביצעתי לו"ז וקבעתי דיון לצורך הקפאת תכולה לתאריך 09.02.2026 | P62: הפרויקט הוא: תוספת שדה מספר 1 ושדרוג שדה 7. בתאריך 21.01.2026 התקבל מזכר מנגה בו מצויין כי תוספת שדה מס' 1 עד 12.2027 וכי שדרוג שדה 7 עד 12.2028 ביצעתי לו"ז וקבעתי דיון לצורך הקפאת תכולה לתאריך 09.02.2026 | Q62: פרויקט הוא: תוספת שדה מספר 1 ושדרוג שדה 7. תוספת שדה מס' 1 עד 12.2027 וכי שדרוג שדה 7 עד 12.2028 קבעתי דיון לצורך הקפאת תכולה לתאריך 09.02.2026 | R62: תוספת שדה מס' 1 עד 12.2027 וכי שדרוג שדה 7 עד 12.2028 בוצע דיון הקפאת תכולה בתאריך 09.02.2026 קבעתי לו"ז לקבלת תכנון, דרשתי אישור משירן לופוביץ לאשר את הלו"ז עם התכנון | S62: תוספת שדה מס' 1 עד 12.2027 ושדרוג שדה 7 עד 12.2028 בוצע דיון הקפאת תכולה בתאריך 09.02.2026 קבעתי לו"ז לקבלת תכנון, דרשתי אישור משירן לופוביץ לאשר את הלו"ז עם התכנון לדברי שירן עד 15.03.26 יינתן תשובה | T62: תוספת שדה מס' 1 עד 12.2027 ושדרוג שדה 7 עד 12.2028 בוצע דיון הקפאת תכולה בתאריך 09.02.2026 קבעתי לו"ז לקבלת תכנון, דרשתי אישור משירן לופוביץ לאשר את הלו"ז עם התכנון לדברי שירן עד 15.03.26 יינתן תשובה | U62: תוספת שדה מס' 1 עד 12.2027 ושדרוג שדה 7 עד 12.2028 בוצע דיון הקפאת תכולה בתאריך 09.02.2026 קבעתי לו"ז לקבלת תכנון, דרשתי אישור משירן לופוביץ לאשר את הלו"ז עם התכנון לדברי שירן עד 15.03.26 תינתן תשובה | V62: תוספת שדה מס' 1 עד 12.2027 ושדרוג שדה 7 עד 12.2028 בוצע דיון הקפאת תכולה בתאריך 09.02.2026 קבעתי לו"ז לקבלת תכנון, דרשתי אישור משירן לופוביץ לאשר את הלו"ז עם התכנון לדברי שירן עד 15.03.26 תינתן תשובה, ב-15/03/2026 נשלחה התראה חוזרת | W62: נאמר ע"י תכנון (לימור ופיארז) קבלת כ"כ 09/2026. מנה"פ מבקש להקדים ל-08/2026, מכיוון שבכורנוב נדרשת עבודה אזרחית, מנה"פ העביר רשימת קבלנים המורשים לעבוד בכורנוב לערן בוכנר להתייחסות. | X62: עמידה בלו"ז תכנון שקבע מנהל הפרויקט ובחירת קבלן אזרחי | Y62: חסם לטיפול מנהל מגזר בפיקוח | Z62: חסם לטיפול מנהל מגזר תכנון
B63: WBM-40611 | C63: שער הגיא- פירוק מסדר מ"ג מסוג BEU3 והתקנת מסדר מ"ג חדש | D63: שוש | E63: אשקבנד, נסים | F63: רביפור פריד | G63: 46476 | H63: 46722 | J63: תכנון | K63: ="WBS: " & B63 & CHAR(10) & "שם פרויקט: " & C63 & CHAR(10) & "מנה״פ: " & E63 & CHAR(10) & "יעד תכנית פיתוח: " & TEXT(G63,"dd/mm/yyyy") & CHAR(10) & "יעד מסתמן: " & TEXT(H63,"dd/mm/yyyy") -> WBS: WBM-40611 שם פרויקט: שער הגיא- פירוק מסדר מ"ג מסוג BEU3 והתקנת מסדר מ"ג חדש מנה״פ: אשקבנד, נסים יעד תכנית פיתוח: 30/03/2027 יעד מסתמן: 01/12/2027 | V63: יבוצע רק לאחר חשמול שנאי 524 שצפוי להסתיים עד תאריך 30/06/2027 | W63: יבוצע רק לאחר חשמול שנאי 524 שצפוי להסתיים עד תאריך 30/06/2028
B64: WBE-189 | C64: שער הגיא- הוספת שנאי שלישי 161/24 ק"ו, 50 מגוו"א מס' 524 | D64: הרחבה | E64: אשקבנד, נסים | F64: רביפור פריד | G64: 46568 | H64: 46568 | J64: תכנון | K64: ="WBS: " & B64 & CHAR(10) & "שם פרויקט: " & C64 & CHAR(10) & "מנה״פ: " & E64 & CHAR(10) & "יעד תכנית פיתוח: " & TEXT(G64,"dd/mm/yyyy") & CHAR(10) & "יעד מסתמן: " & TEXT(H64,"dd/mm/yyyy") -> WBS: WBE-189 שם פרויקט: שער הגיא- הוספת שנאי שלישי 161/24 ק"ו, 50 מגוו"א מס' 524 מנה״פ: אשקבנד, נסים יעד תכנית פיתוח: 30/06/2027 יעד מסתמן: 30/06/2027 | M64: תכנון אזרחי שמתבצע ע"י אגף פרו' ייצור שהיה אמור להתקבל ב-08/2025 התקבל בתאריך 14.01.26 ממתין להוצאת שרטוטים וקביעת DR | N64: =VLOOKUP('דוח שבועי עדכני'!$B64,'[1]דוח שבועי עדכני'!$B:$N,13,) -> #REF! | O64: תכנון אזרחי שמתבצע ע"י אגף פרו' ייצור שהיה אמור להתקבל ב-08/2025 התקבל בתאריך 14.01 נקבע DR לתאריך 11.02.26 | P64: תכנון אזרחי שמתבצע ע"י אגף פרו' ייצור שהיה אמור להתקבל ב-08/2025 התקבל בתאריך 14.01 נקבע DR לתאריך 11.02.26 | Q64: נקבע DR לתאריך 11.02.26 | R64: דיון בוצע בתאריך 11.02.26 ממתינים לעדכון הדרישה והוצאת RFT עד 02.2026 | S64: דיון בוצע בתאריך 11.02.26 ממתינים לעדכון הדרישה והוצאת RFT עד 02.2026 | T64: בתאריך 11.02.26 בוצע דיון נרחב לסיום RFT עד היום המסמך לא התקבל ,תכנון אזרחי של אגף הייצור עדיין לא סיים משימותיו למרות שביקשתי שיסיימו זאת עד 02.2026 קיים עיכוב מצידם גם בנושא התכנון האזרחי שתוכנן זמן רב | U64: בתאריך 05.03.26 התקיים דיון דחוף בו התקבלו החלטות לצאת למכרז פומבי , החומר הכולל RFT, נספח 5 , פטור מהיתר יועבר למחלקת בנין ( אילנית לוי ) השבוע לבדיקה ולאחר מכן יועבר למח' מכרזים | V64: טרם התקבל RFT מתכנון אגף פרויקטי ייצור. פטור מהיתר ונספח 5 נשלחו לבקרת חוזים. | W64: ב-16/03/2026 התקבל RFT. החומר הועבר בקרת חוזים לבדיקה והעברה למכרז
A65: כן | B65: WBM-40275 | C65: רמת חובב - שדרוג שדות 20 , 21 החלפת כל ציוד השדות | D65: שוש | E65: אשקבנד, נסים | F65: רביפור פריד | G65: 46326 | H65: 46386 | J65: לקראת ביצוע | K65: ="WBS: " & B65 & CHAR(10) & "שם פרויקט: " & C65 & CHAR(10) & "מנה״פ: " & E65 & CHAR(10) & "יעד תכנית פיתוח: " & TEXT(G65,"dd/mm/yyyy") & CHAR(10) & "יעד מסתמן: " & TEXT(H65,"dd/mm/yyyy") -> WBS: WBM-40275 שם פרויקט: רמת חובב - שדרוג שדות 20 , 21 החלפת כל ציוד השדות מנה״פ: אשקבנד, נסים יעד תכנית פיתוח: 31/10/2026 יעד מסתמן: 30/12/2026 | M65: העברת שדה 20 ל-19 לצורך שדרוג שדה 20 תבוצע בתחילת 03/2026, שדרוג השדה יארך בין 2 ל-3 חדשים.ביקשתי מנגה להקדים הפסקות שדרוג שדה 21 יבוצע בחדש 09/2026, שדרוג השדה יארך בין 2 ל-3 חדשים. | N65: =VLOOKUP('דוח שבועי עדכני'!$B65,'[1]דוח שבועי עדכני'!$B:$N,13,) -> #REF! | O65: לדברי קינבסקי דימטרי הפסקות לשדרוג שדה 20 יבוצע בתחילת 03/2026, שדרוג השדה יארך בין 2 ל-3 חדשים. שדרוג שדה 21 יבוצע בחדש 09/2026, שדרוג השדה יארך בין 2 ל-3 חדשים. בהתאם לסיום שדרוג שדה 20 ייקבע אם ניתן לשדרג מיד את שדה 21 , הפסקות יכולות להינתן עד סוף חודש 06.2026 | P65: ביקשתי מצוות ביצוע ( הרכה חשמלית ) להביא את כל הציוד ולהתחיל הרכבות בחוץ , ולהיערך לביצוע | Q65: ממתינים לקבלת הפסקה ( ככל הנראה בתחילת מרץ) קיימת דרישה בסך 392,662 ל10 שבועות לכל שדה שהועברה לקבלן , אך מכיוון שרוצים לצמצם זאת ל4 שבועות הקבלן מבקש תוספת של 306,000 שח , נתבקשתי להכין מסמך הצדקה לחתימת מנהלת מחלקתי ומנהל האגף - מסמך הצדקה ממתין לחתימה | R65: ממתינים לקבלת הפסקה ( ככל הנראה בתחילת מרץ) קיימת דרישה בסך 392,662 ל10 שבועות לכל שדה שהועברה לקבלן , אך מכיוון שרוצים לצמצם זאת ל4 שבועות הקבלן מבקש תוספת של 306,000 שח , נתבקשתי להכין מסמך הצדקה לחתימת מנהלת מחלקתי ומנהל האגף - מסמך הצדקה ממתין לחתימה ,נדרש לסיים עבודות אזרחיות תוך שבועיים נקבע דיון עם מנהל האגף לתאריך 17.02.26 | S65: בעקבות בקשת סמנכל לסיים את שדרוג שדות 20,21 עד 05.2026 , תכולת הפרויקט מבחינת עבודות אזרחיות שונתה , העברת שדה 20 ל- 19 תחל מתאריך 01.03.26 כולם ערוכים לכך | T65: העברת שדה 20 ל- 19 תחל מתאריך 01.03.26 כולם ערוכים לכך. בתאריך 24/02/2026 הפסקה שנקבעה ל-01/03/2026 נדחתה. | U65: בעקבות המצב הבטחוני שדרוג שדה 20 שנקבע לתאריכים 01.03.26 ו- 08.03.26 בוטל לתאריך לא ידוע | V65: בתאריך 15/03/2026 התקבלה הודעה כי העברת שדה מ-20 ל-19 תחל מתאריך 19/03/2026. אנו נערכים לכך. צפי סיום 21/04/2026. מהדקים לשדות 20, 21 הוזמנו בתאריך 07/07/2025 ועדיין לא הגיעו. נשלחה הודעה לכהן נווה ומיטרני יצחק, בקשתי מצוות תכנון להשיג מהדקים מתנחנות אחרות | W65: העברת שדה 20 ל-19 לצורך שדרוג שדה 20 נקבע לתאריך 24/03/2026 , יום ג' בלילה. החל מיום ד' 25/03/2026 יחלו לשחרר מתחים ופרוק ציוד בשדה. צפי סיום שדרוג השדה 07/05/2026 ומיד שדרוג שדה 21. | X65: נדרשת עבודה בימי שישי, חול המועד כולל משגיח | Y65: חסם לטיפול מנהל מגזר ביצוע | Z65: חסם לטיפול מנהל אגף
A66: כן | B66: WBE-184 | C66: רמת חובב-החלפת שנאי 33 מגוו"א 522 מגוו"א ל-50 מגוו"א | D66: הרחבה | E66: אשקבנד, נסים | F66: רביפור פריד | G66: 45917 | H66: חושמל 30/09/2025 | J66: הסתיים | K66: ="WBS: " & B66 & CHAR(10) & "שם פרויקט: " & C66 & CHAR(10) & "מנה״פ: " & E66 & CHAR(10) & "יעד תכנית פיתוח: " & TEXT(G66,"dd/mm/yyyy") & CHAR(10) & "יעד מסתמן: " & TEXT(H66,"dd/mm/yyyy") -> WBS: WBE-184 שם פרויקט: רמת חובב-החלפת שנאי 33 מגוו"א 522 מגוו"א ל-50 מגוו"א מנה״פ: אשקבנד, נסים יעד תכנית פיתוח: 17/09/2025 יעד מסתמן: חושמל 30/09/2025 | M66: החלפת השנאי הסתיימה ללא שדרוג מסדר מ"ג (שדות 20, 23 שיבוצע בתום החלפת שנאי 521) | N66: =VLOOKUP('דוח שבועי עדכני'!$B66,'[1]דוח שבועי עדכני'!$B:$N,13,) -> #REF! | O66: החלפת השנאי הסתיימה ללא שדרוג מסדר מ"ג (שדות 20, 23 שיבוצע בתום החלפת שנאי 521) | P66: החלפת השנאי הסתיימה ללא שדרוג מסדר מ"ג (שדות 20, 23 שיבוצע בתום החלפת שנאי 521) | Q66: החלפת השנאי הסתיימה ללא שדרוג מסדר מ"ג. שדות 20, 23 יבוצעו בתום החלפת שנאי 521 ובהתאם להפסקות | R66: החלפת השנאי הסתיימה ללא שדרוג מסדר מ"ג. שדות 20, 23 יבוצעו בתום החלפת שנאי 521 ובהתאם להפסקות | S66: נותר לשדרג את שדות 20,23. נקבע כי שדרוג שדה מ"ג 20 ישודרג החל מתאריך 01.03.26 למשך חודש בסיומן נשדרג את שדה שנאי 23 יידרש הפסקת שנאי 522 למשך חודש ימים | T66: נותר לשדרג את שדות 20,23. נקבע כי שדרוג שדה מ"ג 20 ישודרג החל מתאריך 01.03.26 , נדחה ע"י נגה לתאריך 08.03 ונדחה שוב למועד לא ידוע בגלל המלחמה בסיומו נשדרג את שדה 23 מ"ג בו יידרש הפסקת שנאי 522 למשך חודש ימים | U66: נותר לשדרג את שדות 20,23. נקבע כי שדרוג שדה מ"ג 20 ישודרג החל מתאריך 01.03.26 , נדחה ע"י תפעול מרחב נגב לתאריך 08.03 ונדחה שוב למועד לא ידוע בגלל המלחמה בסיומו נשדרג את שדה 23 מ"ג בו יידרש הפסקת שנאי 522 למשך חודש ימים | V66: נותר לשדרג את שדות 20,23. נקבע כי שדרוג שדה מ"ג 20 ישודרג החל מתאריך 01.03.26 , נדחה ע"י תפעול מרחב נגב לתאריך 08.03 ונדחה שוב למועד לא ידוע בגלל המלחמה בסיומו נשדרג את שדה 23 מ"ג בו יידרש הפסקת שנאי 522 למשך חודש ימים | W66: נותר לשדרג את שדות 20,23. נקבע כי שדרוג שדה מ"ג 20 ישודרג החל מתאריך 01.03.26 , נדחה ע"י תפעול מרחב נגב לתאריך 08.03 ונדחה שוב למועד לא ידוע בגלל המלחמה בסיומו נשדרג את שדה 23 מ"ג בו יידרש הפסקת שנאי 522 למשך חודש ימים | X66: קבלן אזרחי ממתין לבצע זאת ונדחה שוב ושוב | Y66: חסם לטיפול מנהל אגף תפעול השנאה
A67: כן | B67: WBE-178 | C67: רמת חובב-החלפת שנאי 33 מגוו"א 521 מגוו"א ל-50 מגוו"א | D67: הרחבה | E67: אשקבנד, נסים | F67: רביפור פריד | G67: 46064 | H67: שנאי חושמל , נשאר מ"ג | J67: הסתיים | K67: ="WBS: " & B67 & CHAR(10) & "שם פרויקט: " & C67 & CHAR(10) & "מנה״פ: " & E67 & CHAR(10) & "יעד תכנית פיתוח: " & TEXT(G67,"dd/mm/yyyy") & CHAR(10) & "יעד מסתמן: " & TEXT(H67,"dd/mm/yyyy") -> WBS: WBE-178 שם פרויקט: רמת חובב-החלפת שנאי 33 מגוו"א 521 מגוו"א ל-50 מגוו"א מנה״פ: אשקבנד, נסים יעד תכנית פיתוח: 11/02/2026 יעד מסתמן: שנאי חושמל , נשאר מ"ג | M67: שדה שנאי נמסר לבדיקות למחלקת תפעול ומבדקה, ביצוע יסודות למסדר מ"ג (שדה 9) בעיצומה. חשמול השנאי מותנה בסיום שדה 9 כולל בדיקות של שדה שנאי בעקבות מזג האוויר חשש לעיכוב חשמול בעוד שבוע מתאריך היעד | N67: =VLOOKUP('דוח שבועי עדכני'!$B67,'[1]דוח שבועי עדכני'!$B:$N,13,) -> #REF! | O67: בתאריך 08.01.26 שדה שנאי נמסר לבדיקות למחלקת תפעול ומבדקה, יסודות למסדר מ"ג (שדה 9) יימסר בתאריך 28.01.2026 . יידרש הרכת ציוד ,חיווט ובדיקות ולכן לא נעמוד ביעד חשמול השנאי , בתאריך 25.01.26 ביקשתי לקיים דיון דחוף עם ההנהלה. | P67: יסודות למסדר מ"ג (שדה 9)נמסרו בתאריך 28.01.2026 , בתאריך 01.02.26 נמסר המתקן לתפעול לאחר בדיקתו הרכבתו וחיווט ,חשמול עד סוף השבוע 06.02.2026. בתאריך 02.02.2026 התקבלה הודעה מתפעול ב"ש שחשמול השנאי יידחה לתאריך 11.02.2026 בעקבות אי קבלת הפסקות וסיום הבדיקות | Q67: היום 09.02.26 נערכה וועדת חשמול -נקבע חשמול השנאי לתאריך 11.02.2026 | R67: שנאי חושמל בתאריך 11.02.26 נותרו החלפת מנתק ומפסק בשדות מ"ג 20,23 כולל עבודות אזרחיות | S67: נותר לשדרג את שדות 20,23. נקבע כי שדרוג שדה מ"ג 20 ישודרג החל מתאריך 01.03.26 למשך חודש בסיומן נשדרג את שדה שנאי 23 יידרש הפסקת שנאי 522 למשך חודש ימים | T67: נותר לשדרג את שדות 20,23. נקבע כי שדרוג שדה מ"ג 20 ישודרג החל מתאריך 01.03.26 , נדחה ע"י נגה לתאריך 08.03 ונדחה שוב למועד לא ידוע בגלל המלחמה בסיומו נשדרג את שדה 23 מ"ג בו יידרש הפסקת שנאי 522 למשך חודש ימים | U67: נותר לשדרג את שדות 20,23. נקבע כי שדרוג שדה מ"ג 20 ישודרג החל מתאריך 01.03.26 , נדחה ע"י תפעול מרחב נגב לתאריך 08.03 ונדחה שוב למועד לא ידוע בגלל המלחמה בסיומו נשדרג את שדה 23 מ"ג בו יידרש הפסקת שנאי 522 למשך חודש ימים | V67: נותר לשדרג את שדות 20,23. נקבע כי שדרוג שדה מ"ג 20 ישודרג החל מתאריך 01.03.26 , נדחה ע"י תפעול מרחב נגב לתאריך 08.03 ונדחה שוב למועד לא ידוע בגלל המלחמה בסיומו נשדרג את שדה 23 מ"ג בו יידרש הפסקת שנאי 522 למשך חודש ימים | W67: נותר לשדרג את שדות 20,23. נקבע כי שדרוג שדה מ"ג 20 ישודרג החל מתאריך 01.03.26 , נדחה ע"י תפעול מרחב נגב לתאריך 08.03 ונדחה שוב למועד לא ידוע בגלל המלחמה בסיומו נשדרג את שדה 23 מ"ג בו יידרש הפסקת שנאי 522 למשך חודש ימים | X67: קבלן אזרחי ממתין לבצע זאת ונדחה שוב ושוב | Y67: חסם לטיפול מנהל אגף תפעול השנאה
B68: WBE-138 | C68: רותם-הקמת שני שדות והתקנת שני שנאים 161 כולל תוספת מפסק ומ"ז בשדה מקשר | D68: הרחבה | E68: אשקבנד, נסים | F68: רביפור פריד | G68: 45783 | H68: חושמל | J68: הרכבה חשמלית | K68: ="WBS: " & B68 & CHAR(10) & "שם פרויקט: " & C68 & CHAR(10) & "מנה״פ: " & E68 & CHAR(10) & "יעד תכנית פיתוח: " & TEXT(G68,"dd/mm/yyyy") & CHAR(10) & "יעד מסתמן: " & TEXT(H68,"dd/mm/yyyy") -> WBS: WBE-138 שם פרויקט: רותם-הקמת שני שדות והתקנת שני שנאים 161 כולל תוספת מפסק ומ"ז בשדה מקשר מנה״פ: אשקבנד, נסים יעד תכנית פיתוח: 06/05/2025 יעד מסתמן: חושמל | M68: נדרש לשדרג את שדה מקשר 6, הוספת מפסק ומשני זרם, ממתינים להוראות תפעול ומבדקה מעל לשנה. נקבע פגישה באתר בתאריך 13/01/2026 ונדחה בעקבות מזג האויר נקבע לתאריך 22.01.26 , נדרש גם החלפת סליל כיבוי | N68: =VLOOKUP('דוח שבועי עדכני'!$B68,'[1]דוח שבועי עדכני'!$B:$N,13,) -> #REF! | O68: נדרש לשדרג את שדה מקשר 6, הוספת מפסק ומשני זרם, ממתינים להוראות תפעול ומבדקה מעל לשנה. נקבע פגישה באתר בתאריך 13/01/2026 ונדחה בעקבות מזג האויר נקבע לתאריך 22.01.26 ונדחה בעקבות מחלת אחד העובדים , נקבע סיור נוסף לתאריך 29.01.26 נדרש גם החלפת סליל כיבוי | P68: נדרש לשדרג את שדה מקשר 6, הוספת מפסק ומשני זרם, ממתינים להוראות תפעול ומבדקה מעל לשנה. נקבע פגישה באתר בתאריך 13/01/2026 ונדחה בעקבות מזג האויר נקבע לתאריך 22.01.26 ונדחה בעקבות מחלת אחד העובדים , נקבע סיור נוסף לתאריך 29.01.26 ונדחה לתאריך 05.02.26 נדרש גם החלפת סליל כיבוי | Q68: נדרש לשדרג את שדה מקשר 6, הוספת מפסק ומשני זרם, נדרש גם החלפת סליל כיבוי בתאריך 05.02.26 נערכה פגישה באתר ונקבעו תהליכי עבודה - צפי לסיום עד 05.2025 בהתאם להפסקות ולכ"א מצד תפעול | R68: נדרש לשדרג את שדה מקשר 6, הוספת מפסק ומשני זרם, נדרש גם החלפת סליל כיבוי בתאריך 05.02.26 נערכה פגישה באתר ונקבעו תהליכי עבודה - צפי לסיום עד 05.2025 בהתאם להפסקות ולכ"א מצד תפעול , ממתינים לתחילת התארגנות מצד הרכבה חשמלית | S68: נדרש לשדרג את שדה מקשר 6, הוספת מפסק ומשני זרם, נדרש גם החלפת סליל כיבוי בתאריך 05.02.26 נערכה פגישה באתר ונקבעו תהליכי עבודה - צפי לסיום עד 05.2025 בהתאם להפסקות ולכ"א מצד תפעול , ממתינים לתחילת התארגנות מצד הרכבה חשמלית | T68: הרכבה חשמלית הודיעה כי פרויקט זה לא נמצא בסדר עדיפות בעקבות ריבוי משימות , אני ממתין להחלטתם לתחילת עבודות | U68: הרכבה חשמלית הודיעה כי פרויקט זה לא נמצא בסדר עדיפות בעקבות ריבוי משימות , אני ממתין להחלטתם לתחילת עבודות , ביקשתי טיפול של מנהל מגזר כבר שבועיים ללא מענה | V68: הרכבה חשמלית הודיעה כי פרויקט זה לא נמצא בסדר עדיפות בעקבות ריבוי משימות , אני ממתין להחלטתם לתחילת עבודות , ביקשתי טיפול של מנהל מגזר כבר חודש ימים ללא מענה . | W68: הרכבה חשמלית הודיעה כי פרויקט זה לא נמצא בסדר עדיפות בעקבות ריבוי משימות , אני ממתין להחלטתם לתחילת עבודות , ביקשתי טיפול של מנהל מגזר כבר חודש ימים ללא מענה . | X68: אמנם החלפתי את שני הניידות בשתי שנאים אך הפרויקט לא הסתיים ממס סיבות שבעיקרן הפסקות שלא ניתנו ולו"ז תפעול , עדיין לא סגרתי את הפרויקט מבחינה תקציבית | Y68: חסם לטיפול מנהל מגזר ביצוע | Z68: חסם לטיפול מנהלת מחלקה
B69: WBE-181 | C69: רותם- התקנת 2 שדות קווים לקליטת קו מערד | D69: הרחבה | E69: אשקבנד, נסים | F69: רביפור פריד | G69: 47483 | H69: 47422 | J69: הקפאת תכולה | K69: ="WBS: " & B69 & CHAR(10) & "שם פרויקט: " & C69 & CHAR(10) & "מנה״פ: " & E69 & CHAR(10) & "יעד תכנית פיתוח: " & TEXT(G69,"dd/mm/yyyy") & CHAR(10) & "יעד מסתמן: " & TEXT(H69,"dd/mm/yyyy") -> WBS: WBE-181 שם פרויקט: רותם- התקנת 2 שדות קווים לקליטת קו מערד מנה״פ: אשקבנד, נסים יעד תכנית פיתוח: 31/12/2029 יעד מסתמן: 31/10/2029 | M69: טרם התקבל מזכר רשמי בנושא | N69: =VLOOKUP('דוח שבועי עדכני'!$B69,'[1]דוח שבועי עדכני'!$B:$N,13,) -> #REF! | O69: טרם התקבל מזכר רשמי בנושא | P69: נדחה לתאריך 30.06.2029 עדיין מוקדם לבצע תכנון, | Q69: נדחה לתאריך 30.06.2029 עדיין מוקדם לבצע תכנון, | R69: נדחה לתאריך 30.06.2029 עדיין מוקדם לבצע תכנון, | S69: נדחה לתאריך 30.06.2029 עדיין מוקדם לבצע תכנון | T69: נדחה לתאריך 30.06.2029 עדיין מוקדם לבצע תכנון | U69: נדחה לתאריך 30.06.2029 עדיין מוקדם לבצע תכנון | V69: בתאריך 15/03/2026 התקבלה הודעת מערכת תבונה כי הפרויקט נדחה לתאריך 31/12/2029 | W69: בתאריך 15/03/2026 התקבלה הודעת מערכת תבונה כי הפרויקט נדחה לתאריך 31/12/2029 לכן עדיין מוקדם לקדם הפרויקט
B70: WBM-40195 | C70: רמת אביב – החלפת שנאים 511 ו-512 | D70: שוש | E70: אשקבנד, נסים | F70: רביפור פריד | G70: 46295 | J70: הקפאת תכולה | K70: ="WBS: " & B70 & CHAR(10) & "שם פרויקט: " & C70 & CHAR(10) & "מנה״פ: " & E70 & CHAR(10) & "יעד תכנית פיתוח: " & TEXT(G70,"dd/mm/yyyy") & CHAR(10) & "יעד מסתמן: " & TEXT(H70,"dd/mm/yyyy") -> WBS: WBM-40195 שם פרויקט: רמת אביב – החלפת שנאים 511 ו-512 מנה״פ: אשקבנד, נסים יעד תכנית פיתוח: 30/09/2026 יעד מסתמן: 30/12/1899 | M70: שלחתי בקשה לדעת מה מהות הפרויקט ממנהלת מחלקתי ומצוותה כולל חזום גיל עוד לפני מס חדשים ואני מצפה לקבל תשובות , בשלב זה מצידי הפרויקט מושהה עד לקבלת תשובות | N70: =VLOOKUP('דוח שבועי עדכני'!$B70,'[1]דוח שבועי עדכני'!$B:$N,13,) -> #REF! | O70: נדרש לקבל תשובות מPMO עבור נחיצות הפרויקט | P70: נדרש לקבל תשובות מPMO עבור נחיצות הפרויקט | Q70: נדרש לקבל תשובות מPMO עבור נחיצות הפרויקט | R70: נדרש לקבל תשובות מPMO עבור נחיצות הפרויקט, ממתין מעל חודש ימים לתשובה. | S70: נדרש לקבל תשובות מPMO עבור נחיצות הפרויקט, | T70: נדרש לקבל תשובות מPMO עבור נחיצות הפרויקט, | U70: נדרש לקבל תשובות מPMO עבור נחיצות הפרויקט,זמן רב אני מבקש תשובות לפרויקט זה ללא מענה ולכן מעביר לטיפול מנהל האגף | V70: נדרש לקבל תשובות מPMO עבור נחיצות הפרויקט,זמן רב אני מבקש תשובות לפרויקט זה ללא מענה ולכן מעביר לטיפול מנהל האגף | W70: נדרש לקבל תשובות מPMO עבור נחיצות הפרויקט,זמן רב אני מבקש תשובות לפרויקט זה ללא מענה ולכן מעביר לטיפול מנהל האגף | Y70: חסם לטיפול מנהל אגף
B71: WBE-193 | C71: עטרות– התקנת שנאי חמישי 161/36 ק"ו | D71: הרחבה | E71: אשקבנד, נסים | F71: רביפור פריד | G71: 46112 | H71: 46203 | J71: עבודה אזרחית | K71: ="WBS: " & B71 & CHAR(10) & "שם פרויקט: " & C71 & CHAR(10) & "מנה״פ: " & E71 & CHAR(10) & "יעד תכנית פיתוח: " & TEXT(G71,"dd/mm/yyyy") & CHAR(10) & "יעד מסתמן: " & TEXT(H71,"dd/mm/yyyy") -> WBS: WBE-193 שם פרויקט: עטרות– התקנת שנאי חמישי 161/36 ק"ו מנה״פ: אשקבנד, נסים יעד תכנית פיתוח: 31/03/2026 יעד מסתמן: 30/06/2026 | M71: לדברי מחלקת בניין הקבלן ימסור עבודתו ב-30/01/2026, המצב בשטח לא מראה זאת. הודעה שהתקבלה המסירה תהיה ב 08.02.26 הובלת השנאי יקבע רק לאחר מסירת יסוד השנאי. כבלי מ"ג מהמכולה החוצה בוצע בתאריך 15.01.26 , העברת המכולה תבוצע רק לאחר הידוק השטח שיסתיים בתאריך 22.01.26 יידרש הפסקת פ"צ 2. הערכת מנהל הפרויקט לאי סיום הפרויקט בתאריך הנקוב | N71: =VLOOKUP('דוח שבועי עדכני'!$B71,'[1]דוח שבועי עדכני'!$B:$N,13,) -> #REF! | O71: לדברי מחלקת בניין הקבלן ימסור עבודתו ב-30/01/2026, המצב בשטח לא מראה זאת. הודעה שהתקבלה המסירה תהיה ב 08.02.26 לדעתי גם לא הובלת השנאי יקבע רק לאחר מסירת יסוד השנאי. כבלי מ"ג מהמכולה החוצה בוצע בתאריך 15.01.26 , העברת המכולה תבוצע לאחר קבלת הפסקות ככל הנראה רק בעוד שבועיים- לדברי תפעול אין להם זמן לקבוע הפסקות | P71: הובלת השנאי ותחילת הרכבתו יקבע רק לאחר מסירת יסוד השנאי ככל הנראה בעוד שבועיים העברת המכולה נקבעה לתאריך 19.2.26 , לפי הערכתי לא יהיה ניתן לחשמל השנאי עד 05.2026 | Q71: עדיין לא נמסר יסוד השנאי , העברת המכולה נקבעה לתאריך 19.2.26 , קטע חפירה לכבלי מ"ג שהמחוז נדרש לבצע מתעכב ,לפי הערכתי לא יהיה ניתן לחשמל השנאי עד 05.2026 | R71: עדיין לא נמסר יסוד השנאי , העברת המכולה נקבעה לתאריך 19.2.26 , קטע חפירה לכבלי מ"ג שהמחוז נדרש לבצע מתעכב ,לפי הערכתי לא יהיה ניתן לחשמל השנאי עד 05.2026 בנוסף מתאריך 10.02.26 הופסקה עבודתו של הקבלן באתר בעקבות ליקויי בטיחות חמורים ככל בנראה יחזור לעבודה השבוע | S71: עדיין לא נמסר יסוד השנאי - צפי 10.03.26 העברת המכולה בוצעה בתאריך 19.2.26, קטע חפירה לכבלי מ"ג שהמחוז נדרש לבצע מתעכב הועברה לידיעתו של בוחבוט שלום ,השחלת כבלי מ"נ על סולמות בקיר המערבי של התחנה מהווה סכנה בטיחותית הוחלט להרכיב פיגום , לפי הערכתי חשמול יידחה ל 06.2026 | T71: העברת המכולה בוצעה ,החלו בחיווט, עדיין לא נמסר יסוד השנאי נקבע סיור לתאריך 02.03.26 לצורך תכנון הצבת שנאי וכנראה יבוטל בעקבות המלחמה - קטע חפירה לכבלי מ"ג שהמחוז נדרש לבצע נקבע לביצוע השבוע - כנראה לא יבוצע בעקבות המלחמה ,השחלת כבלי מ"נ על סולמות בקיר המערבי של התחנה מהווה סכנה בטיחותית הוחלט להרכיב פיגום שנקבע לתאריך 01.03.36 - יידחה בעקבות המלחמה בדיון שהתנהל עם מנהל האגף נקבע שסיום עבודות הרכבה חשמלית ומסירה לתפעול עד תאריך 31.03.26 ,חשמול נקבע לתאריך ל 31.05.26 אינני רואה שניתן להגיע ליעד זה גם בעקבות המלחמה | U71: בתאריך 10.03.26 נקבע העברת השנאי ו2 יסודות טרומיים במקום , כמו כן נקבע הרכבת פיגום להנחת כבלי מ"נ , בתאריך 12.03.25 יבוצע חפירה ע"י רתק ירושלים בנושא כבלי מ"ג , ע"פ בקשת מנהל האגף - סיום עבודות הרכבה חשמלית עד 01.05.206 | V71: בתאריך 10/03/2026 הוצב השנאי על יסוד והחלו בהרכבת הציוד. צפי הכנסת שמן 24/03/2026. בשלב זה הרכבה חשמלית מרכיבים שדה שנאי ומשכילים כבלים בכל האתר. חפירות לכבלי מ"ג בעיצומן. | W71: הכנסת שמן לשנאי תחל ב 24/03/2026. בשלב זה הרכבה חשמלית מרכיבים שדה שנאי ומשחילים כבלים בכל האתר. חפירות לכבלי מ"ג בעיצומן. | X71: עמידה ביעד הרכבה
A72: כן | B72: WBE-206 | C72: להבים-התקנת שנאי שלישי 50 מגוו"א | D72: הרחבה | E72: אשקבנד, נסים | F72: רביפור פריד | G72: 46081 | H72: 31.05.26 | J72: בדיקות | K72: ="WBS: " & B72 & CHAR(10) & "שם פרויקט: " & C72 & CHAR(10) & "מנה״פ: " & E72 & CHAR(10) & "יעד תכנית פיתוח: " & TEXT(G72,"dd/mm/yyyy") & CHAR(10) & "יעד מסתמן: " & TEXT(H72,"dd/mm/yyyy") -> WBS: WBE-206 שם פרויקט: להבים-התקנת שנאי שלישי 50 מגוו"א מנה״פ: אשקבנד, נסים יעד תכנית פיתוח: 28/02/2026 יעד מסתמן: 31.05.26 | M72: בתאריך 11/01/2026 נערכה מסירה אזרחית. הרכבת השנאי תסתיים בתאריך 15/01/2026, נקבע הכנסת שמן לתאריך 18/01/2026 אך בוטל בהעקבות החלפת שנאי בשער הגיא (שנשרף). לדברי בתי מלאכה יעד להכנסת שמן 11/02/2026 | N72: =VLOOKUP('דוח שבועי עדכני'!$B72,'[1]דוח שבועי עדכני'!$B:$N,13,) -> #REF! | O72: בתאריך 11/01/2026 נערכה מסירה אזרחית. הרכבת השנאי הסתיימה ללא עשיית ראשי כבלים מ"ג שהושחלו. 25.01.26 החל הכנסת שמן לשנאי, חסר בודקים באתר ולכן יעד חשמול 02.2026 בסכנה | P72: בתאריך 11/01/2026 נערכה מסירה אזרחית. 29.01.26 הסתיים הכנסת שמן לשנאי 01.02.26 החלו בדיקות לשנאי - צפי חשמול 02.2026 | Q72: צפי חשמול 26.02.26 לדברי הבודקים קיים חשש לחשמול בתאריך זה בעקבות הוספה ובדיקות של SCS כפי שקרה בשדרות | R72: צפי חשמול 26.02.26 | S72: צפי חשמול 10.03.2026 | T72: בעקבות עבודות של תפעול באר שבע (ניידות) חשמול השנאי ידחה לסוף חודש 03/2026 | U72: בעקבות עבודות של תפעול באר שבע (ניידות) ומצב בטחוני ,לדברי תפעול ב"ש חשמול השנאי ידחה לסוף חודש 05/2026 | V72: בעקבות עבודות של תפעול באר שבע (ניידות) ומצב בטחוני ,לדברי תפעול ב"ש חשמול השנאי ידחה לסוף חודש 05/2026 | W72: בעקבות עבודות של תפעול באר שבע (ניידות) ומצב בטחוני ,לדברי תפעול ב"ש חשמול השנאי ידחה לסוף חודש 04/2026 | X72: סיום בדיקות כולל SCS | Y72: חסם לטיפול מנהל אגף תפעול השנאה | Z72: חסם לטיפול מנהל אגף
A73: כן | B73: WBC-050 | C73: טרומן - הקמת תחמ"ש פנימית 161/24 ק"ו | D73: הקמה | E73: אשקבנד, נסים | F73: רביפור פריד | G73: 46568 | H73: 31.10.27 | J73: עבודה אזרחית | K73: ="WBS: " & B73 & CHAR(10) & "שם פרויקט: " & C73 & CHAR(10) & "מנה״פ: " & E73 & CHAR(10) & "יעד תכנית פיתוח: " & TEXT(G73,"dd/mm/yyyy") & CHAR(10) & "יעד מסתמן: " & TEXT(H73,"dd/mm/yyyy") -> WBS: WBC-050 שם פרויקט: טרומן - הקמת תחמ"ש פנימית 161/24 ק"ו מנה״פ: אשקבנד, נסים יעד תכנית פיתוח: 30/06/2027 יעד מסתמן: 31.10.27 | M73: היתר התקבל ב-04/01/2026, לקראת תחילת עבודות אזרחיות ארון חשמל ( פילר) מוכן | N73: =VLOOKUP('דוח שבועי עדכני'!$B73,'[1]דוח שבועי עדכני'!$B:$N,13,) -> #REF! | O73: היתר התקבל ב-04/01/2026, קבלן אזרחי החל התארגנותו באתר ארון חשמל ( פילר) מוכן עדיין ללא חיבור לצריפי הקבלן | P73: היתר התקבל ב-04/01/2026, קבלן אזרחי החל התארגנותו באתר | Q73: קבלן אזרחי החל בבייצוע קידוחי קלונסאות מסביב לגדר | R73: קבלן אזרחי סיים קידוחי קלונסאות מסביב לגדר,והחל בחפירות , בימים הקרובים ייקבע מועד דיון התחלתי בו אציג את היעדים של כל בעלי העניין | S73: קבלן אזרחי סיים קידוחי קלונסאות מסביב לגדר,והחל קידוח קלונסאות סביב בנין הפיקוד | T73: קבלן אזרחי סיים קידוחי קלונסאות מסביב לגדר,והחל קידוח קלונסאות סביב בנין הפיקוד , נקבע פגישה באתר בנושא גדר / חומה של השכן לתאריך 01.03.26 ובוטלה בגלל המלחמה | U73: קבלן אזרחי צימצם את לו"ז המסירה לתאריך03.2027 מסירת חדר פיקוד 11.2026 ,מסירת בנין 24 10.26, מסירת יסודות שנאים 12.2026 החל קידוח קלונסאות סביב בנין הפיקוד והכנת השטח לבניית הבניין | V73: בתאריך 12/03/2026 התקיים דיון מנהלת בה הוצגו יעדי מסירה של קבלן האזרחי | W73: קבלן אזרחי ממשיך בעבודתו
B74: WBE-280 | C74: דימונה סולארי- הקמת שדות 19 ו-21 במסדר 161 ק"ו | D74: הרחבה | E74: אשקבנד, נסים | F74: רביפור פריד | G74: 46387 | H74: 46295 | J74: עבודה אזרחית | K74: ="WBS: " & B74 & CHAR(10) & "שם פרויקט: " & C74 & CHAR(10) & "מנה״פ: " & E74 & CHAR(10) & "יעד תכנית פיתוח: " & TEXT(G74,"dd/mm/yyyy") & CHAR(10) & "יעד מסתמן: " & TEXT(H74,"dd/mm/yyyy") -> WBS: WBE-280 שם פרויקט: דימונה סולארי- הקמת שדות 19 ו-21 במסדר 161 ק"ו מנה״פ: אשקבנד, נסים יעד תכנית פיתוח: 31/12/2026 יעד מסתמן: 30/09/2026 | M74: מנה"פ ביקש להעביר מידית ביצוע קידוחים לברגי עיגון על יסודות קיימים של שדות 19 ו-21. מנה"פ מנסה להקדים את הפרויקט בחצי שנה | N74: =VLOOKUP('דוח שבועי עדכני'!$B74,'[1]דוח שבועי עדכני'!$B:$N,13,) -> #REF! | O74: מנה"פ ביקש להעביר מידית ביצוע קידוחים לברגי עיגון על יסודות קיימים של שדות 19 ו-21. מנה"פ מנסה להקדים את הפרויקט בחצי שנה, מדוע קשה למסור עבודה של 30,000 שח לקבלן לביצוע | P74: עבודה של 30,000 ₪ לברגי עיגון בלבד לא החלה ,מבקש לקבל טיפול בהקדם | Q74: עבודה של 30,000 ₪ לקידוח 120 ברגי עיגון בלבד לא החלה ,מבקש לקבל טיפול בהקדם | R74: עבודה של 30,000 ₪ לקידוח 120 ברגי עיגון בלבד לא החלה ,מבקש לקבל טיפול בהקדם | S74: עבודה של 30,000 ₪ לקידוח 120 ברגי עיגון בלבד לא החלה ,מבקש לקבל טיפול בהקדם | T74: בתאריך 26.02.26 התקיים דיון עם מנהל האגף בנושא קידוח ברגי הילתי בכל יסודות 2 השדות , הוחלט כי עד סוף חודש 04 העבודה תסתיים | U74: בתאריך 26.02.26 התקיים דיון עם מנהל האגף בנושא קידוח ברגי הילתי בכל יסודות 2 השדות , הוחלט כי עד סוף חודש 04 העבודה תסתיים | V74: בתאריך 26.02.26 התקיים דיון עם מנהל האגף בנושא קידוח ברגי הילתי בכל יסודות 2 השדות , הוחלט כי עד סוף חודש 04 העבודה תסתיים | W74: בתאריך 26.02.26 התקיים דיון עם מנהל האגף בנושא קידוח ברגי הילתי בכל יסודות 2 השדות , הוחלט כי עד סוף חודש 04 העבודה תסתיים | X74: למרות ששדרוג השדות נועד לתאריך 31.12.26 אני מעוניין להקדים זאת ( קיימת השפעה לשדרוג שדה 7 בדימונה שממתינים לכך 4 שנים) אי עמידה ביעד לא יאפשר שדרוג שדה 7 השנה | Y74: חסם לטיפול מנהל מגזר בפיקוח
A75: כן | B75: WBM-40507 | C75: דימונה - שדה 6 | D75: שוש | E75: אשקבנד, נסים | F75: רביפור פריד | G75: 46386 | H75: 30.09.26 | J75: לקראת ביצוע | K75: ="WBS: " & B75 & CHAR(10) & "שם פרויקט: " & C75 & CHAR(10) & "מנה״פ: " & E75 & CHAR(10) & "יעד תכנית פיתוח: " & TEXT(G75,"dd/mm/yyyy") & CHAR(10) & "יעד מסתמן: " & TEXT(H75,"dd/mm/yyyy") -> WBS: WBM-40507 שם פרויקט: דימונה - שדה 6 מנה״פ: אשקבנד, נסים יעד תכנית פיתוח: 30/12/2026 יעד מסתמן: 30.09.26 | M75: עבודות אזרחיות הועברו לאילנית לוי לצורך העברתם לביצוע ע"י קבלן שנמצא באתר - 19.01.26 עדיין ממתין | N75: =VLOOKUP('דוח שבועי עדכני'!$B75,'[1]דוח שבועי עדכני'!$B:$N,13,) -> #REF! | O75: עבודות אזרחיות הועברו לאילנית לוי לצורך העברתם לביצוע ע"י קבלן שנמצא באתר - 19.01.26 עדיין ממתין | P75: עבודות אזרחיות הועברו לאילנית לוי לצורך העברתם לביצוע ע"י קבלן שנמצא באתר - 19.01.26 עדיין ממתין | Q75: עבודות אזרחיות הועברו למחלקת בנין והעברתם לביצוע ע"י קבלן שנמצא באתר- צפי העברת השדה ותחילת השדרוג 03.2026 , תכנון אלק"מ ואזרחי עדיין לא קיבלו החלטה היכן ימוקמו מגיני הברק | R75: עבודות אזרחיות הועברו לביצוע ע"י קבלן שנמצא באתר- צפי העברת השדה ותחילת השדרוג 03.2026 , נדרש החלטות בנושא הפורטל שנדרש להחליפו | S75: עבודות אזרחיות הועברו לביצוע ע"י קבלן שנמצא באתר- צפי העברת השדה ותחילת השדרוג 03.2026 , נדרש החלטות בנושא הפורטל שנדרש להחליפוביקשתי לקיים דיון דחוף עם מנהל האגף ולהכניס זאת להצגה בפרויקטים קריטיים | T75: עבודות אזרחיות הועברו לביצוע ע"י קבלן שנמצא באתר- צפי העברת השדה ותחילת השדרוג 03.2026 , נדרש החלטות בנושא הפורטל שנדרש להחליפו ביקשתי לקיים דיון דחוף עם מנהל האגף ולהכניס זאת להצגה בפרויקטים קריטיים,שוחחתי עם וינדר שמוליק בנושא ואנו מצפים לטיפול ,היום 02.03.26 שוחחתי עם מנהל אגף התכנון נווה כהן בו הוחלט לקיים דיון עם הנוגעים בדבר לצורך קבלת החלטות | U75: עבודות אזרחיות הועברו לביצוע ע"י קבלן שנמצא באתר- צפי העברת השדה ותחילת השדרוג 03.2026 , נדחה בעקבות המלחמה לתאריך לא ידוע ,נדרש החלטות בנושא הפורטל שנדרש להחליפו ביקשתי לקיים דיון דחוף עם מנהל האגף ולהכניס זאת להצגה בפרויקטים קריטיים,שוחחתי עם וינדר שמוליק בנושא ואנו מצפים לטיפול ,בתאריך 02.03.26 שוחחתי עם מנהל אגף התכנון נווה כהן בו הוחלט לקיים דיון עם הנוגעים בדבר לצורך קבלת החלטות ממתין לזימון דיון | V75: עבודות אזרחיות הועברו לביצוע ע"י קבלן שנמצא באתר- צפי העברת השדה ותחילת השדרוג 03.2026 , נדחה בעקבות המלחמה לתאריך לא ידוע ,נדרש החלטות בנושא הפורטל שנדרש להחליפו ביקשתי לקיים דיון דחוף עם מנהל האגף ולהכניס זאת להצגה בפרויקטים קריטיים,שוחחתי עם וינדר שמוליק בנושא ואנו מצפים לטיפול ,בתאריך 02.03.26 שוחחתי עם מנהל אגף התכנון נווה כהן בו הוחלט לקיים דיון עם הנוגעים בדבר לצורך קבלת החלטות ממתין לזימון דיון | W75: עבודות אזרחיות הועברו לביצוע ע"י קבלן שנמצא באתר- צפי העברת השדה ותחילת השדרוג 04.2026 , נדרש החלטות בנושא הפורטל שנדרש להחליפו , בתאריך 02.03.26 שוחחתי עם מנהל אגף התכנון נווה כהן בו הוחלט לקיים דיון עם הנוגעים בדבר לצורך קבלת החלטות סיור בשטח נקבע לתאריך 12/04/2026 | X75: בניית פורטל חדש במקום הקיים | Y75: חסם לטיפול מנהל מגזר תכנון | Z75: חסם לטיפול מנהל מגזר ביצוע
A76: כן | B76: WBM-40523 | C76: דימונה - שדרוג שדה 13 | D76: שוש | E76: אשקבנד, נסים | F76: רביפור פריד | G76: 46203 | H76: 26.02.26 | J76: הרכבה חשמלית | K76: ="WBS: " & B76 & CHAR(10) & "שם פרויקט: " & C76 & CHAR(10) & "מנה״פ: " & E76 & CHAR(10) & "יעד תכנית פיתוח: " & TEXT(G76,"dd/mm/yyyy") & CHAR(10) & "יעד מסתמן: " & TEXT(H76,"dd/mm/yyyy") -> WBS: WBM-40523 שם פרויקט: דימונה - שדרוג שדה 13 מנה״פ: אשקבנד, נסים יעד תכנית פיתוח: 30/06/2026 יעד מסתמן: 26.02.26 | M76: ממתינים להפסקת פ"צ לצורך הרכבת מנתק פ"צ | N76: =VLOOKUP('דוח שבועי עדכני'!$B76,'[1]דוח שבועי עדכני'!$B:$N,13,) -> #REF! | O76: ממתינים להפסקת פ"צ לצורך הרכבת מנתק פ"צ | P76: ממתינים להפסקת פ"צ לצורך הרכבת מנתק פ"צ | Q76: ממתינים להפסקת פ"צ לצורך הרכבת מנתק פ"צ | R76: ממתינים להפסקת פ"צ לצורך הרכבת מנתק פ"צ | S76: ממתינים להפסקת פ"צ לצורך הרכבת מנתק פ"צ | T76: שדרוג השדה הסתיים ללא בדיקות ,ממתינים להפסקת פ"צ לצורך הרכבת מנתק פ"צ | U76: שדרוג השדה הסתיים ללא בדיקות ,ממתינים להפסקת פ"צ לצורך הרכבת מנתק פ"צ | V76: שדרוג השדה הסתיים ללא בדיקות ,ממתינים להפסקת פ"צ לצורך הרכבת מנתק פ"צ | W76: שדרוג השדה הסתיים ללא בדיקות ,ממתינים להפסקת פ"צ לצורך הרכבת מנתק פ"צ | X76: אם לא יתקבל הפסקה, חשמול שדה 13 יידחה כמו כן שדרוג שדות נוספים בתחמ"ש יידחה , לדברי נציגי תפעול ב"ש לא ידוע יעד הפסקת פ"צ | Y76: חסם לטיפול מנהל אגף תפעול השנאה
B77: WBM-10432 | C77: דימונה התאמת תיילים ומהדקים בפורטלים לשדות 20 ו-6 | D77: שוש | E77: אשקבנד, נסים | F77: רביפור פריד | G77: 47056 | H77: 47056 | J77: תכנון | K77: ="WBS: " & B77 & CHAR(10) & "שם פרויקט: " & C77 & CHAR(10) & "מנה״פ: " & E77 & CHAR(10) & "יעד תכנית פיתוח: " & TEXT(G77,"dd/mm/yyyy") & CHAR(10) & "יעד מסתמן: " & TEXT(H77,"dd/mm/yyyy") -> WBS: WBM-10432 שם פרויקט: דימונה התאמת תיילים ומהדקים בפורטלים לשדות 20 ו-6 מנה״פ: אשקבנד, נסים יעד תכנית פיתוח: 30/10/2028 יעד מסתמן: 30/10/2028 | M77: בשלב תכנון | N77: =VLOOKUP('דוח שבועי עדכני'!$B77,'[1]דוח שבועי עדכני'!$B:$N,13,) -> #REF! | O77: בשלב תכנון | P77: בשלב תכנון | Q77: בשלב תכנון | R77: נדרש החלפת פורטל בטיפול תכנון אלק"מ | S77: נדרש החלפת פורטל בטיפול תכנון אלק"מ, נדרש החלטות בנושא הפורטל שנדרש להחליפו ביקשתי לקיים דיון דחוף עם מנהל האגף ולהכניס זאת להצגה בפרויקטים קריטיים | T77: נדרש החלפת פורטל בטיפול תכנון אלק"מ, נדרש החלטות בנושא הפורטל שנדרש להחליפו ביקשתי לקיים דיון דחוף עם מנהל האגף ולהכניס זאת להצגה בפרויקטים קריטיים , ביקשתי גם מוינדר שמוליק , נקבע שיחה עם תכנון ושמוליק וינדר לפני שנגיע למנהל האגף | U77: נדרש החלפת פורטל בטיפול תכנון אלק"מ, נדרש החלטות בנושא הפורטל שנדרש להחליפו ביקשתי לקיים דיון דחוף עם מנהל האגף ולהכניס זאת להצגה בפרויקטים קריטיים , בתאריך 02.03.26 שוחחתי עם מנהל אגף התכנון נווה כהן בו הוחלט לקיים דיון עם הנוגעים בדבר לצורך קבלת החלטות ממתין לזימון דיון | V77: נדרש החלפת פורטל בטיפול תכנון אלק"מ, נדרש החלטות בנושא הפורטל שנדרש להחליפו ביקשתי לקיים דיון דחוף עם מנהל האגף ולהכניס זאת להצגה בפרויקטים קריטיים , בתאריך 02.03.26 שוחחתי עם מנהל אגף התכנון נווה כהן בו הוחלט לקיים דיון עם הנוגעים בדבר לצורך קבלת החלטות ממתין לזימון דיון | W77: נדרש החלטות בנושא הפורטל שנדרש להחליפו , בתאריך 02.03.26 שוחחתי עם מנהל אגף התכנון נווה כהן בו הוחלט לקיים דיון עם הנוגעים בדבר לצורך קבלת החלטות סיור בשטח נקבע לתאריך 12/04/2026 | X77: אי חשמול שדה 6 בזמן | Y77: חסם לטיפול מנהל מגזר תכנון
B78: WBM-40062 | C78: דימונה - שדרוג שדה 14 - התאמת יכולת ל-1600 א' | D78: שוש | E78: אשקבנד, נסים | F78: רביפור פריד | G78: 46203 | H78: 46568 | J78: תכנון | K78: ="WBS: " & B78 & CHAR(10) & "שם פרויקט: " & C78 & CHAR(10) & "מנה״פ: " & E78 & CHAR(10) & "יעד תכנית פיתוח: " & TEXT(G78,"dd/mm/yyyy") & CHAR(10) & "יעד מסתמן: " & TEXT(H78,"dd/mm/yyyy") -> WBS: WBM-40062 שם פרויקט: דימונה - שדרוג שדה 14 - התאמת יכולת ל-1600 א' מנה״פ: אשקבנד, נסים יעד תכנית פיתוח: 30/06/2026 יעד מסתמן: 30/06/2027 | M78: יבוצע רק לאחר סיום שדה 6 | N78: =VLOOKUP('דוח שבועי עדכני'!$B78,'[1]דוח שבועי עדכני'!$B:$N,13,) -> #REF! | O78: יבוצע רק לאחר סיום שדה 6 | P78: יבוצע רק לאחר סיום שדה 6 | Q78: יבוצע רק לאחר סיום שדה 6 | R78: יבוצע רק לאחר סיום שדה 6 | S78: יבוצע רק לאחר סיום שדה 6 | T78: יבוצע רק לאחר סיום שדה 6 כנראה יתחיל רק בסתיו | U78: יבוצע רק לאחר סיום שדה 6 כנראה יתחיל רק בסתיו | V78: יבוצע רק לאחר סיום שדה 6 כנראה יתחיל רק בסתיו | W78: יבוצע רק לאחר סיום שדה 6 כנראה יתחיל בשנת 2027
B79: WBE-289 | C79: דימונה-התאמת שדה 7 לדימונה סולארי ל-2500 א' | D79: הרחבה | E79: אשקבנד, נסים | F79: רביפור פריד | G79: 47118 | H79: 46568 | J79: תכנון | K79: ="WBS: " & B79 & CHAR(10) & "שם פרויקט: " & C79 & CHAR(10) & "מנה״פ: " & E79 & CHAR(10) & "יעד תכנית פיתוח: " & TEXT(G79,"dd/mm/yyyy") & CHAR(10) & "יעד מסתמן: " & TEXT(H79,"dd/mm/yyyy") -> WBS: WBE-289 שם פרויקט: דימונה-התאמת שדה 7 לדימונה סולארי ל-2500 א' מנה״פ: אשקבנד, נסים יעד תכנית פיתוח: 31/12/2028 יעד מסתמן: 30/06/2027 | N79: עדיין מוקדם להתחיל בתכנון | O79: עדיין מוקדם להתחיל בתכנון | P79: עדיין מוקדם להתחיל בתכנון | Q79: עדיין מוקדם להתחיל בתכנון | R79: עדיין מוקדם להתחיל בתכנון | T79: כל עוד לא יסתיים שדרוג שדות 19,21 בדימונה סולארי לא ניתן לשדרג את שדה 7 בתחמ"ש דימונה | U79: כל עוד לא יסתיים שדרוג שדות 19,21 בדימונה סולארי לא ניתן לשדרג את שדה 7 בתחמ"ש דימונה , | V79: כל עוד לא יסתיים שדרוג שדות 19,21 בדימונה סולארי לא ניתן לשדרג את שדה 7 בתחמ"ש דימונה , | W79: כל עוד לא יסתיים שדרוג שדות 19,21 בדימונה סולארי לא ניתן לשדרג את שדה 7 בתחמ"ש דימונה , צפי סיום 06/2027
A80: כן | B80: WBE-088 | C80: דימונה- התקנת שנאי שלישי 33 ק"ו 50 מגו"א | D80: הרחבה | E80: אשקבנד, נסים | F80: רביפור פריד | G80: 46081 | H80: 46142 | J80: בדיקות | K80: ="WBS: " & B80 & CHAR(10) & "שם פרויקט: " & C80 & CHAR(10) & "מנה״פ: " & E80 & CHAR(10) & "יעד תכנית פיתוח: " & TEXT(G80,"dd/mm/yyyy") & CHAR(10) & "יעד מסתמן: " & TEXT(H80,"dd/mm/yyyy") -> WBS: WBE-088 שם פרויקט: דימונה- התקנת שנאי שלישי 33 ק"ו 50 מגו"א מנה״פ: אשקבנד, נסים יעד תכנית פיתוח: 28/02/2026 יעד מסתמן: 30/04/2026 | M80: קבלן אזרחי עדיין לא סיים בניית המאצרה ומסירת עבודתו צפי 02/2026, בדיקות בעיצומן לקראת חשמול. | N80: =VLOOKUP('דוח שבועי עדכני'!$B80,'[1]דוח שבועי עדכני'!$B:$N,13,) -> #REF! | O80: קבלן אזרחי עדיין לא סיים בניית המאצרה ומסירת עבודתו צפי 02/2026, שבוע שעבר נתגלה כי ארון הגנת שנאי הורכב במקום לא מתאים ( טעות תכנון – הרכבה חשמלית הרכיבה ע"פ הוראות התכנון) לארון הושחלו כבלי פיקוד וחווטו ,נדרש לשנות מיקום הארון ככל הנראה גם חלק מהכבלים נצטרך להחליף כמובן חיווט וכל הנדרש צוות הרכבה חשמלית יצא מהאתר ( סדום) ביקשתי לחזור בדחיפות ולבצע את העברת הארון והעברתו לבדיקות שוב בדיקות בעיצומן לקראת חשמול. | P80: קבלן אזרחי עדיין לא סיים בניית המאצרה ומסירת עבודתו צפי 02/2026, שבוע שעבר נתגלה כי ארון הגנת שנאי הורכב במקום לא מתאים- המיקום הוחלף עד 05.02.26 יסתיים החיווט בדיקות בעיצומן לקראת חשמול.ב 26.02.2026 | Q80: קבלן אזרחי עדיין לא סיים בניית המאצרה ומסירת עבודתו צפי 02/2026, ארון הגנת שנאי הורכב שוב ונמסר לבדיקות, בדיקות בעיצומן לקראת חשמול.ב 26.02.2026 | R80: קבלן אזרחי עדיין לא סיים בניית המאצרה ומסירת עבודתו צפי 02/2026, , בדיקות בעיצומן לקראת חשמול עד 08.03.26 | S80: בדיקות בעיצומן לקראת חשמול עד 08.03.26 | T80: בעקבות עבודות של תפעול באר שבע (ניידות) חשמול השנאי ידחה לחודש 04/2026 | U80: בעקבות עבודות של תפעול באר שבע (ניידות) ומצב בטחוני ,לדברי תפעול ב"ש חשמול השנאי ידחה לסוף חודש 05/2026 | V80: בעקבות עבודות של תפעול באר שבע (ניידות) ומצב בטחוני ,לדברי תפעול ב"ש חשמול השנאי ידחה לסוף חודש 05/2026 | W80: בעקבות עבודות של תפעול באר שבע (ניידות) ומצב בטחוני ,לדברי תפעול ב"ש חשמול השנאי ידחה לסוף חודש 04/2026 | X80: אי חשמול ביעד הנדרש | Y80: חסם לטיפול מנהל אגף תפעול השנאה | Z80: חסם לטיפול מנהל מגזר ביצוע
B81: WBM-01448 | C81: אריאל - פירוק סוללות קבלים מ"ג קיימות והתקנת 5 סוללות קבלים מודולריות | D81: שוש | E81: אשקבנד, נסים | F81: רביפור פריד | G81: 46203 | H81: 46264 | J81: בדיקות | K81: ="WBS: " & B81 & CHAR(10) & "שם פרויקט: " & C81 & CHAR(10) & "מנה״פ: " & E81 & CHAR(10) & "יעד תכנית פיתוח: " & TEXT(G81,"dd/mm/yyyy") & CHAR(10) & "יעד מסתמן: " & TEXT(H81,"dd/mm/yyyy") -> WBS: WBM-01448 שם פרויקט: אריאל - פירוק סוללות קבלים מ"ג קיימות והתקנת 5 סוללות קבלים מודולריות מנה״פ: אשקבנד, נסים יעד תכנית פיתוח: 30/06/2026 יעד מסתמן: 30/08/2026 | M81: פרוק סולללות קבלים ממתין לאישור תפעול ומבדקת ירושלים | N81: =VLOOKUP('דוח שבועי עדכני'!$B81,'[1]דוח שבועי עדכני'!$B:$N,13,) -> #REF! | O81: פרוק סולללות קבלים מודולריות - נדרש שחרור מתחים מהתפעול והוצאת הסוללות שמפריעות לפרויקט תוספת שנאי ביקשתי זאת מעל לחודשיים לדברי נציגי תפעול הם עסוקים מאוד | P81: פרוק סולללות קבלים מודולריות - נדרש שחרור מתחים מהתפעול והוצאת הסוללות שמפריעות לפרויקט תוספת שנאי ביקשתי זאת מעל לחודשיים לדברי נציגי תפעול הם עסוקים מאוד | Q81: פרוק סולללות קבלים מודולריות - נדרש שחרור מתחים מהתפעול והוצאת הסוללות שמפריעות לפרויקט תוספת שנאי ביקשתי זאת מעל לחודשיים לדברי נציגי תפעול הם עסוקים מאוד | R81: פרוק סולללות קבלים מודולריות - נדרש שחרור מתחים מהתפעול והוצאת הסוללות שמפריעות לפרויקט תוספת שנאי ביקשתי זאת מעל לחודשיים לדברי נציגי תפעול הם עסוקים מאוד | S81: פרוק סולללות קבלים מודולריות - נדרש שחרור מתחים מהתפעול והוצאת הסוללות שמפריעות לפרויקט תוספת שנאי ביקשתי זאת מעל לחודשיים לדברי נציגי תפעול הם עסוקים מאוד , | T81: נקבע לביצוע פינוי סוללת קבלים אחת היום 01.03.26 אך נדחה בעקבות המלחמה,קיימת בעיה לפינוי כל ארבעת הסוללות בגלל השמן שנמצא הנושא בטיפול , בשלב זה אני אפנה אותם באתר לאזור שלא יפריע לעבודות הקבלן | U81: נקבע לביצוע פינוי סוללת קבלים אחת בתאריך 01.03.26 אך נדחה שוב בעקבות המלחמה,קיימת בעיה לפינוי כל ארבעת הסוללות בגלל השמן שנמצא הנושא בטיפול , בשלב זה אני אפנה אותם באתר לאזור שלא יפריע לעבודות הקבלן | V81: נקבע לביצוע פינוי סוללת קבלים אחת בתאריך 09.03.26 ,קיימת בעיה לפינוי כל ארבעת הסוללות בגלל השמן שנמצא הנושא בטיפול , בשלב זה אני אפנה אותם באתר לאזור שלא יפריע לעבודות הקבלן | W81: סוללת קבלים אחת פורקה. עדיין קיימת בעיה לפינוי כל ארבעת הסוללות בגלל השמן שנמצא הנושא בטיפול , בשלב זה אני אפנה אותם באתר לאזור שלא יפריע לעבודות הקבלן
A82: כן | B82: WBE-190 | C82: אריאל – התקנת שנאי חמישי 161/36 ק"ו | D82: הרחבה | E82: אשקבנד, נסים | F82: רביפור פריד | G82: 46387 | H82: 46417 | J82: בחירת קבלן | K82: ="WBS: " & B82 & CHAR(10) & "שם פרויקט: " & C82 & CHAR(10) & "מנה״פ: " & E82 & CHAR(10) & "יעד תכנית פיתוח: " & TEXT(G82,"dd/mm/yyyy") & CHAR(10) & "יעד מסתמן: " & TEXT(H82,"dd/mm/yyyy") -> WBS: WBE-190 שם פרויקט: אריאל – התקנת שנאי חמישי 161/36 ק"ו מנה״פ: אשקבנד, נסים יעד תכנית פיתוח: 31/12/2026 יעד מסתמן: 30/01/2027 | M82: נמצא במחלקת מכרזים מתאריך 06.11.25 לקראת סיור קבלנים- עדיין ממתינים, אוסיף ואומר כל עיכוב יגרום לעיכוב החשמול | N82: =VLOOKUP('דוח שבועי עדכני'!$B82,'[1]דוח שבועי עדכני'!$B:$N,13,) -> #REF! | O82: נמצא במחלקת מכרזים מתאריך 06.11.25 לקראת סיור קבלנים- | P82: נמצא במחלקת מכרזים מתאריך 06.11.25 לקראת סיור קבלנים שנקבע לתאריך 12.02.2026 הודעתי בעבר ואדגיש שוב כי עבודות אזרחיות יימשכו 9.2 חדשים עם שחישמול יהיה 06.2027 ועוד צפוי להידחות יותר , הודעתי פעמיים על הצורך בדחיית הפרויקט אך טרם קיבלתי תשובה | Q82: נמצא במחלקת מכרזים מתאריך 06.11.25,סיור קבלנים נקבע לתאריך 12.02.2026 הודעתי בעבר ואדגיש שוב כי עבודות אזרחיות יימשכו 9.2 חודשים כך שחישמול יהיה 06.2027 ועוד צפוי להידחות יותר , הודעתי פעמיים על הצורך בדחיית הפרויקט אך טרם קיבלתי תשובה | R82: בוצע סיור קבלנים בתאריך 12.02.2026 הודעתי בעבר ואדגיש שוב כי עבודות אזרחיות יימשכו 9.2 חודשים כך שחישמול יהיה 06.2027 ועוד צפוי להידחות יותר ,מנסים להקדים ולצמצם את הלו"ז | S82: בוצע סיור קבלנים בתאריך 12.02.2026 , צפי הגשת הצעות 04.03.26 הודעתי בעבר ואדגיש שוב כי עבודות אזרחיות יימשכו 9.2 חודשים כך שחישמול יהיה 06.2027 ועוד צפוי להידחות יותר ,מנסים להקדים ולצמצם את הלו"ז, דיון לצמצום הלוז נקבע ל 24.02.26 | T82: הוחלט לצמצם את לו"ז נספח 5 ל חמישה חדשים לכן הגשת הצעות הקבלן נדחתה לתאריך 12.03.26 ,לצורך עמידה ביעד חשמול 01.27 נדרש 3 משגיחים באופן צמוד זה התנאי לעמידת לו"ז הקבלן . | U82: הגשת הצעות הקבלן נדחתה לתאריך 12.03.26 ,לצורך עמידה ביעד חשמול 01.27 נדרש 3 משגיחים באופן צמוד זה התנאי לעמידת לו"ז הקבלן . | V82: בתאריך 15/03/2026 פורסם קבלן זוכה. צפי עלית הקבלן לקרקע 19/04/2026 | W82: בתאריך 15/03/2026 פורסם קבלן זוכה. צפי עלית הקבלן לקרקע 19/04/2026 | X82: שלושה משגיחים באופן צמוד, ללא תנאי זה קבלן אזרחי לא יעמוד ביעד של שישה חדשים | Y82: חסם לטיפול מנהל אגף תפעול השנאה | Z82: חסם לטיפול מנהל מגזר בפיקוח
B83: WBC-041 | C83: עזריאלי -הקמת תחמ"ש פנימית 161/24 ק"ו | D83: הקמה | E83: בר אור, מעיין | F83: בסיל כהן יפעת | G83: 47482 | K83: ="WBS: " & B83 & CHAR(10) & "שם פרויקט: " & C83 & CHAR(10) & "מנה״פ: " & E83 & CHAR(10) & "יעד תכנית פיתוח: " & TEXT(G83,"dd/mm/yyyy") & CHAR(10) & "יעד מסתמן: " & TEXT(H83,"dd/mm/yyyy") -> WBS: WBC-041 שם פרויקט: עזריאלי -הקמת תחמ"ש פנימית 161/24 ק"ו מנה״פ: בר אור, מעיין יעד תכנית פיתוח: 30/12/2029 יעד מסתמן: 30/12/1899 | Q83: פגישות מול עזריאלי לטובת גיבוש חוזה | R83: פגישות מול עזריאלי לטובת גיבוש חוזה | S83: פגישות מול עזריאלי לטובת גיבוש חוזה | T83: פגישות מול עזריאלי לטובת גיבוש חוזה | U83: כרגע אין עדיין תבע. יש לדחות ת.פ. ל 2032 | V83: אין עדיין תבע. ההסכם נמצא בדיונים בין המחלקה המשפטית ועזריאלי עדיין | W83: אין עדיין תבע. ההסכם נמצא בדיונים בין המחלקה המשפטית ועזריאלי עדיין
B84: WBE-175 | C84: פתח תקווה-הוספת שנאי 525 161/24 ק"ו 50 מ | D84: הרחבה | E84: בר אור, מעיין | F84: בסיל כהן יפעת | G84: 46112 | H84: 46203 | J84: הרכבה חשמלית | K84: ="WBS: " & B84 & CHAR(10) & "שם פרויקט: " & C84 & CHAR(10) & "מנה״פ: " & E84 & CHAR(10) & "יעד תכנית פיתוח: " & TEXT(G84,"dd/mm/yyyy") & CHAR(10) & "יעד מסתמן: " & TEXT(H84,"dd/mm/yyyy") -> WBS: WBE-175 שם פרויקט: פתח תקווה-הוספת שנאי 525 161/24 ק"ו 50 מ מנה״פ: בר אור, מעיין יעד תכנית פיתוח: 31/03/2026 יעד מסתמן: 30/06/2026 | M84: 08/01/2026 - צפי הבאת השנאי והמשך עבודות הרכבה חשמלית- בוצע | N84: 8/1/26 השנאי הועבר לתחנה. 22/1/26 צפי הובלת מכולת מ"ג לתחנה. לפני כן יש לבצע עבודות יישור השטח | O84: 8/1/26 השנאי הועבר לתחנה. 22/1/26 מכולת מ"ג הוצבה בתחנה. 28/1- מסירה אזרחית להרכבה חשמלית | P84: עבודות הרכבה חשמלית על שנאי + מכולת מ"ג. | Q84: עבודות הרכבה חשמלית על שנאי + מכולת מ"ג. | R84: עבודות הרכבה חשמלית על שנאי + מכולת מ"ג. | S84: 25/02 - ישיבת תיאום עבודות בשטח אל מול רת"ק, יחידת התחמ"ש והרכבה. המשך עבודות הרכבה חשמלית וצפי סיום ומסירה ליחידת תהחמ"ש ב 10/03 | T84: ישיבת תיאום עבודות בשטח-רת"ק, הרכבה, תחמ"ש- נדחתה עקב המצב. המשך עבודות הרכבה חשמלית וצפי סיום ומסירה ליחידת תהחמ"ש ב 10/03 | U84: לקראת סיום עבודות הרכבה חשמלית, ותחילת עבודות תחמ"ש | V84: לקראת סיום עבודות הרכבה חשמלית, ותחילת עבודות תחמ"ש | W84: תואמו עבודות בימ"ל על השנאי לאחר החג, וכן עבודות מ"ע
B85: WBE-205 | C85: ערד-החלפת 2 שנאים 33 ל-2 שנאים 50, הוספת שנאי רביעי 50 מגוו"א רב שלבי | D85: הרחבה | E85: בר אור, מעיין | F85: בסיל כהן יפעת | G85: 46203 | H85: 46356 | J85: בחירת קבלן | K85: ="WBS: " & B85 & CHAR(10) & "שם פרויקט: " & C85 & CHAR(10) & "מנה״פ: " & E85 & CHAR(10) & "יעד תכנית פיתוח: " & TEXT(G85,"dd/mm/yyyy") & CHAR(10) & "יעד מסתמן: " & TEXT(H85,"dd/mm/yyyy") -> WBS: WBE-205 שם פרויקט: ערד-החלפת 2 שנאים 33 ל-2 שנאים 50, הוספת שנאי רביעי 50 מגוו"א רב שלבי מנה״פ: בר אור, מעיין יעד תכנית פיתוח: 30/06/2026 יעד מסתמן: 30/11/2026 | M85: 22/12/25 - נשלח RFT סופי ומעודכן 03/2026 - צפי עליית קבלן חדש לקרקע עבור שלושת הפרויקטים 205,272,273 05/2026 - העברת יציאות לסקציות חדשות 11/01/2026 - הועבר נספח 5 חתום | N85: 22/12/25 - נשלח RFT סופי ומעודכן 03/2026 - צפי עליית קבלן חדש לקרקע עבור שלושת הפרויקטים 205,272,273 05/2026 - העברת יציאות לסקציות חדשות 11/01/2026 - הועבר נספח 5 חתום | O85: 22/12/25 - נשלח RFT סופי ומעודכן 03/2026 - צפי עליית קבלן חדש לקרקע עבור שלושת הפרויקטים 205,272,273 05/2026 - העברת יציאות לסקציות חדשות 11/01/2026 - הועבר נספח 5 חתום | P85: צפי מהרכש לסיום תהליך ועליית קבלן לקרקע בעוד 4 חודשים | Q85: צפי מהרכש לסיום תהליך ועליית קבלן לקרקע בעוד 4 חודשים | R85: צפי מהרכש לסיום תהליך ועליית קבלן לקרקע בעוד 4 חודשים | S85: 24/02 - סיור קבלנים באתר | T85: בוצע סיור קבלנים באתר. קבלת הצעות בעוד כ-3 שבועות | U85: בוצע סיור קבלנים באתר. קבלת הצעות בעוד כ-שבועיים | V85: בוצע סיור קבלנים באתר. קבלת הצעות בעוד כ-שבוע | W85: בתהליך בדיקת הצעות קבלנים ברכש. צפי לבחירת קבלן- סוף אפריל. | X85: תהליך ארוך של בחירת קבלן - יש לתת עדיפות לפרויקט | Y85: חסם לטיפול מנהל מגזר בפיקוח
B86: WBE-153 | C86: ערד-הוספת שנאי שלישי 161/36 ק"ו 50 מגו"א | D86: הרחבה | E86: בר אור, מעיין | F86: בסיל כהן יפעת | G86: 46081 | H86: 46106 | J86: הרכבה חשמלית | K86: ="WBS: " & B86 & CHAR(10) & "שם פרויקט: " & C86 & CHAR(10) & "מנה״פ: " & E86 & CHAR(10) & "יעד תכנית פיתוח: " & TEXT(G86,"dd/mm/yyyy") & CHAR(10) & "יעד מסתמן: " & TEXT(H86,"dd/mm/yyyy") -> WBS: WBE-153 שם פרויקט: ערד-הוספת שנאי שלישי 161/36 ק"ו 50 מגו"א מנה״פ: בר אור, מעיין יעד תכנית פיתוח: 28/02/2026 יעד מסתמן: 25/03/2026 | M86: 19/01/26 - צפי קבלת סל מידע מנגה. יש לקבל אישור תעדוף מנגה. כרגע חסם אל מול דוד חיים - עזרה בטיפול מנהלת מחלקה. 19/02/26- צפי חשמול שנאי 533 | N86: 19/01/26 - צפי קבלת סל מידע מנגה. יש לקבל אישור תעדוף מנגה. כרגע חסם אל מול דוד חיים - עזרה בטיפול מנהלת מחלקה. 19/02/26- צפי חשמול שנאי 533 | O86: סל מידע מנגה- עדיין לא התקבל . יש לקבל אישור תעדוף מנגה. כרגע חסם אל מול דוד חיים - עזרה בטיפול מנהלת מחלקה. 14/3/26- צפי חשמול שנאי 533 | P86: סל מידע מנגה- עדיין לא התקבל . יש לקבל אישור תעדוף מנגה. כרגע חסם אל מול דוד חיים - עזרה בטיפול מנהלת מחלקה. 18/3/26- צפי חשמול שנאי 533 בהנתן קבלת סל מידע עד 12/02 | Q86: התקבל סל מידע. 16/02 - בדיקות סימולציה | R86: התקבל סל מידע. 16/02 - בדיקות סימולציה | S86: המשך עבודות יחידת תהחמ"ש. צפי חשמול - 25/03 | T86: המשך עבודות יחידת תהחמ"ש. צפי חשמול - 25/03 | U86: המשך עבודות יחידת תהחמ"ש. צפי חשמול - 25/03 | V86: המשך עבודות יחידת תהחמ"ש. צפי חשמול -סוף מרץ 2026 | W86: המשך עבודות יחידת תהחמ"ש. ממתינים לבדיקת תקינות מהמעבדה. צפי חשמול -סוף מרץ 2026 | X86: יתכן עיכוב קל בעקבות המצב הבטחוני
B87: WBE-152 | C87: ערד-הוספת 2 מסדרי מ"ג 36 ק"ו (פ''צ 3, 4). | D87: הרחבה | E87: בר אור, מעיין | F87: בסיל כהן יפעת | G87: 46081 | H87: 46106 | J87: הרכבה חשמלית | K87: ="WBS: " & B87 & CHAR(10) & "שם פרויקט: " & C87 & CHAR(10) & "מנה״פ: " & E87 & CHAR(10) & "יעד תכנית פיתוח: " & TEXT(G87,"dd/mm/yyyy") & CHAR(10) & "יעד מסתמן: " & TEXT(H87,"dd/mm/yyyy") -> WBS: WBE-152 שם פרויקט: ערד-הוספת 2 מסדרי מ"ג 36 ק"ו (פ''צ 3, 4). מנה״פ: בר אור, מעיין יעד תכנית פיתוח: 28/02/2026 יעד מסתמן: 25/03/2026 | M87: 19/01/26 - צפי קבלת סל מידע מנגה. יש לקבל אישור תעדוף מנגה. כרגע חסם אל מול דוד חיים - עזרה בטיפול מנהלת מחלקה. 19/02/26- צפי חשמול שנאי 533 | N87: 19/01/26 - צפי קבלת סל מידע מנגה. יש לקבל אישור תעדוף מנגה. כרגע חסם אל מול דוד חיים - עזרה בטיפול מנהלת מחלקה. -עדיין לא התקבל 19/02/26- צפי חשמול שנאי 533 | O87: סל מידע מנגה- עדיין לא התקבל . יש לקבל אישור תעדוף מנגה. כרגע חסם אל מול דוד חיים - עזרה בטיפול מנהלת מחלקה. 14/3/26- צפי חשמול שנאי 533 | P87: סל מידע מנגה- עדיין לא התקבל . יש לקבל אישור תעדוף מנגה. כרגע חסם אל מול דוד חיים - עזרה בטיפול מנהלת מחלקה. 18/3/26- צפי חשמול שנאי 533 בהנתן קבלת סל מידע עד 12/02 | Q87: התקבל סל מידע. 16/02 - בדיקות סימולציה | R87: התקבל סל מידע. 16/02 - בדיקות סימולציה | S87: המשך עבודות יחידת תהחמ"ש. צפי חשמול - 25/03 | T87: המשך עבודות יחידת תהחמ"ש. צפי חשמול - 25/03 | U87: המשך עבודות יחידת תהחמ"ש. צפי חשמול - 25/03 | V87: המשך עבודות יחידת תהחמ"ש. צפי חשמול - סוף מרץ 2026. | W87: המשך עבודות יחידת תהחמ"ש. ממתינים לבדיקת תקינות מהמעבדה. צפי חשמול -סוף מרץ 2026 | X87: יתכן עיכוב קל בעקבות המצב הבטחוני
B88: WBE-273 | C88: ערד- השלמת שדה מקשר פ"צ, הוספת מ"מ לפ"צ מס' 2, התקנת הגנת פ"צ | D88: הרחבה | E88: בר אור, מעיין | F88: בסיל כהן יפעת | G88: 46387 | H88: 46386 | J88: בחירת קבלן | K88: ="WBS: " & B88 & CHAR(10) & "שם פרויקט: " & C88 & CHAR(10) & "מנה״פ: " & E88 & CHAR(10) & "יעד תכנית פיתוח: " & TEXT(G88,"dd/mm/yyyy") & CHAR(10) & "יעד מסתמן: " & TEXT(H88,"dd/mm/yyyy") -> WBS: WBE-273 שם פרויקט: ערד- השלמת שדה מקשר פ"צ, הוספת מ"מ לפ"צ מס' 2, התקנת הגנת פ"צ מנה״פ: בר אור, מעיין יעד תכנית פיתוח: 31/12/2026 יעד מסתמן: 30/12/2026 | M88: 22/12/25 - נשלח RFT סופי ומעודכן 03/2026 - צפי עליית קבלן חדש לקרקע עבור שלושת הפרויקטים 205,272,273 05/2026 - העברת יציאות לסקציות חדשות 11/01/2026 - הועבר נספח 5 חתום | N88: 22/12/25 - נשלח RFT סופי ומעודכן 03/2026 - צפי עליית קבלן חדש לקרקע עבור שלושת הפרויקטים 205,272,273 05/2026 - העברת יציאות לסקציות חדשות 11/01/2026 - הועבר נספח 5 חתום | O88: 22/12/25 - נשלח RFT סופי ומעודכן 03/2026 - צפי עליית קבלן חדש לקרקע עבור שלושת הפרויקטים 205,272,273 05/2026 - העברת יציאות לסקציות חדשות 11/01/2026 - הועבר נספח 5 חתום | P88: צפי מהרכש לסיום תהליך ועליית קבלן לקרקע בעוד 4 חודשים | Q88: צפי מהרכש לסיום תהליך ועליית קבלן לקרקע בעוד 4 חודשים | R88: צפי מהרכש לסיום תהליך ועליית קבלן לקרקע בעוד 4 חודשים | S88: 24/02 - סיור קבלנים באתר | T88: בוצע סיור קבלנים באתר. קבלת הצעות בעוד כ-3 שבועות | U88: בוצע סיור קבלנים באתר. קבלת הצעות בעוד כשבועיים | V88: בוצע סיור קבלנים באתר. קבלת הצעות בעוד כשבוע | W88: בתהליך בדיקת הצעות קבלנים ברכש. צפי לבחירת קבלן- סוף אפריל. | X88: תהליך ארוך של בחירת קבלן - יש לתת עדיפות לפרויקט | Y88: חסם לטיפול מנהל מגזר בפיקוח
B89: WBE-272 | C89: ערד- הקמת שדה 9 במסדר 161 ק"ו | D89: הרחבה | E89: בר אור, מעיין | F89: בסיל כהן יפעת | G89: 46295 | H89: 46356 | J89: בחירת קבלן | K89: ="WBS: " & B89 & CHAR(10) & "שם פרויקט: " & C89 & CHAR(10) & "מנה״פ: " & E89 & CHAR(10) & "יעד תכנית פיתוח: " & TEXT(G89,"dd/mm/yyyy") & CHAR(10) & "יעד מסתמן: " & TEXT(H89,"dd/mm/yyyy") -> WBS: WBE-272 שם פרויקט: ערד- הקמת שדה 9 במסדר 161 ק"ו מנה״פ: בר אור, מעיין יעד תכנית פיתוח: 30/09/2026 יעד מסתמן: 30/11/2026 | M89: 22/12/25 - נשלח RFT סופי ומעודכן 03/2026 - צפי עליית קבלן חדש לקרקע עבור שלושת הפרויקטים 205,272,273 05/2026 - העברת יציאות לסקציות חדשות 11/01/2026 - הועבר נספח 5 חתום | N89: 22/12/25 - נשלח RFT סופי ומעודכן 03/2026 - צפי עליית קבלן חדש לקרקע עבור שלושת הפרויקטים 205,272,273 05/2026 - העברת יציאות לסקציות חדשות 11/01/2026 - הועבר נספח 5 חתום | O89: 22/12/25 - נשלח RFT סופי ומעודכן 03/2026 - צפי עליית קבלן חדש לקרקע עבור שלושת הפרויקטים 205,272,273 05/2026 - העברת יציאות לסקציות חדשות 11/01/2026 - הועבר נספח 5 חתום | P89: צפי מהרכש לסיום תהליך ועליית קבלן לקרקע בעוד 4 חודשים | Q89: צפי מהרכש לסיום תהליך ועליית קבלן לקרקע בעוד 4 חודשים | R89: צפי מהרכש לסיום תהליך ועליית קבלן לקרקע בעוד 4 חודשים | S89: 24/02 - סיור קבלנים באתר | T89: בוצע סיור קבלנים באתר. קבלת הצעות בעוד כ-3 שבועות | U89: בוצע סיור קבלנים באתר. קבלת הצעות בעוד כ-שבועיים | V89: בוצע סיור קבלנים באתר. קבלת הצעות בעוד כ-שבוע | W89: בתהליך בדיקת הצעות קבלנים ברכש. צפי לבחירת קבלן- סוף אפריל. | Y89: חסם לטיפול מנהל מגזר בפיקוח
B90: WBC-116 | C90: נחל צופים-הקמת תחמ"ש פנימית 161/13.8 ק"ו | D90: הקמה | E90: בר אור, מעיין | F90: בסיל כהן יפעת | G90: 45988 | H90: חושמל 27/11/2025 | J90: טופס 4 | K90: ="WBS: " & B90 & CHAR(10) & "שם פרויקט: " & C90 & CHAR(10) & "מנה״פ: " & E90 & CHAR(10) & "יעד תכנית פיתוח: " & TEXT(G90,"dd/mm/yyyy") & CHAR(10) & "יעד מסתמן: " & TEXT(H90,"dd/mm/yyyy") -> WBS: WBC-116 שם פרויקט: נחל צופים-הקמת תחמ"ש פנימית 161/13.8 ק"ו מנה״פ: בר אור, מעיין יעד תכנית פיתוח: 27/11/2025 יעד מסתמן: חושמל 27/11/2025 | M90: 02/2026- צפי סיום פיתוח שטח 03/2026 - צפי סיום מובל דרומי (על כלל מערכותיו) ופירוק הניידת טופס 4 - בתהליך השלמת כלל המסמכים | N90: 02/2026- צפי סיום פיתוח שטח 03/2026 - צפי סיום מובל דרומי (על כלל מערכותיו) ופירוק הניידת טופס 4 - בתהליך השלמת כלל המסמכים | O90: 02/2026- צפי סיום פיתוח שטח 03/2026 - צפי סיום מובל דרומי (על כלל מערכותיו) ופירוק הניידת טופס 4 - בתהליך השלמת כלל המסמכים | P90: 04/2026- צפי סיום פיתוח שטח 03/2026 - צפי סיום מובל דרומי (על כלל מערכותיו) ופירוק הניידת טופס 4 - בתהליך השלמת כלל המסמכים | Q90: 04/2026- צפי סיום פיתוח שטח 03/2026 - צפי סיום מובל דרומי (על כלל מערכותיו) ופירוק הניידת טופס 4 - בתהליך השלמת כלל המסמכים | R90: 04/2026- צפי סיום פיתוח שטח 03/2026 - צפי סיום מובל דרומי (על כלל מערכותיו) ופירוק הניידת טופס 4 - בתהליך השלמת כלל המסמכים | S90: 04/2026- צפי סיום פיתוח שטח 03/2026 - צפי סיום מובל דרומי (על כלל מערכותיו) ופירוק הניידת טופס 4 - בתהליך השלמת כלל המסמכים 25/02 - סיור במובל הדרומי | T90: 04/2026- צפי סיום פיתוח שטח 03/2026 - צפי סיום מובל דרומי (על כלל מערכותיו) ופירוק הניידת טופס 4 - בתהליך השלמת כלל המסמכים 25/02 - סיור במובל הדרומי | U90: 04/2026- צפי סיום פיתוח שטח 03/2026 - צפי סיום מובל דרומי (על כלל מערכותיו) ופירוק הניידת טופס 4 - בתהליך השלמת כלל המסמכים 25/02 - סיור במובל הדרומי | V90: 04/2026- צפי סיום פיתוח שטח 04/2026 - צפי סיום מובל דרומי (על כלל מערכותיו) ופירוק הניידת טופס 4 - בתהליך השלמת כלל המסמכים | W90: 04/2026- צפי סיום פיתוח שטח 04/2026 - צפי סיום מובל דרומי (על כלל מערכותיו) ופירוק הניידת טופס 4 - בתהליך השלמת כלל המסמכים
B91: WBC-015 | C91: גנים(אתר מכבית)-הקמת תחמ"ש פנימית 161/24 | D91: הקמה | E91: בר אור, מעיין | F91: בסיל כהן יפעת | G91: 46660 | H91: 46964 | J91: קבלת היתר | K91: ="WBS: " & B91 & CHAR(10) & "שם פרויקט: " & C91 & CHAR(10) & "מנה״פ: " & E91 & CHAR(10) & "יעד תכנית פיתוח: " & TEXT(G91,"dd/mm/yyyy") & CHAR(10) & "יעד מסתמן: " & TEXT(H91,"dd/mm/yyyy") -> WBS: WBC-015 שם פרויקט: גנים(אתר מכבית)-הקמת תחמ"ש פנימית 161/24 מנה״פ: בר אור, מעיין יעד תכנית פיתוח: 30/09/2027 יעד מסתמן: 30/07/2028 | M91: צפי לחשמול הניידת 03/26 זאת בהתאם למוכנות העברת עומסים לקריית אריה. - כרגע יש קושי של אגף הרשת בהעברת עומסים והצפי הינו אפריל 2026 | N91: צפי לחשמול הניידת 03/26 זאת בהתאם למוכנות העברת עומסים לקריית אריה. - כרגע יש קושי של אגף הרשת בהעברת עומסים והצפי הינו אפריל 2026. 19/1- התקיימה ישיבה והוצעו פיתרונות לזירוז ביצוע העבודות | O91: צפי לחשמול הניידת 03/26 זאת בהתאם למוכנות העברת עומסים לקריית אריה. - כרגע יש קושי של אגף הרשת בהעברת עומסים והצפי הינו אפריל 2026. 19/1- התקיימה ישיבה והוצעו פיתרונות לזירוז ביצוע העבודות 29/1- ישיבת תיאום נופי שטחי שצ"פ | P91: 03/02/26 - שליחת תכנון שצ"פ לאישור מהנדס העירייה. 03/2026 - צפי כניסה לוועדה בעירייה . 06/2026 - צפי קבלת היתר בניה. 04/2026 - צפי העברת עומסים לקריית אריה | Q91: 03/02/26 - שליחת תכנון שצ"פ לאישור מהנדס העירייה. 03/2026 - צפי כניסה לוועדה בעירייה . 06/2026 - צפי קבלת היתר בניה. 05/2026 - צפי העברת עומסים לקריית אריה | R91: 03/02/26 - שליחת תכנון שצ"פ לאישור מהנדס העירייה. 03/2026 - צפי כניסה לוועדה בעירייה . 06/2026 - צפי קבלת היתר בניה. 05/2026 - צפי העברת עומסים לקריית אריה | S91: צפי העברת עומסים לקריית אריה וחשמל הניידת - 05/2026 צפי קבלת היתר בנייה - 07/2026 | T91: צפי העברת עומסים לקריית אריה וחשמל הניידת - 05/2026 צפי קבלת היתר בנייה - 07/2026 | U91: השלמת עבודות. בכפוף להסדרת עבודות השיקום ולאישור ראש העיר , צפי העברת עומסים לקריית אריה וחשמל הניידת - 07/2026 צפי קבלת היתר בנייה - 07/2026 | V91: השלמת עבודות. בכפוף להסדרת עבודות השיקום ולאישור ראש העיר , צפי העברת עומסים לקריית אריה וחשמל הניידת - 07/2026 צפי קבלת היתר בנייה - 08/2026. שנאי הורכב, ממתין לאישור נויהויז לסנכרון שמו של בימ"ל | W91: השלמת עבודות. בכפוף להסדרת עבודות השיקום ולאישור ראש העיר , צפי העברת עומסים לקריית אריה וחשמל הניידת - 07/2026 צפי קבלת היתר בנייה - 08/2026. שנאי הורכב, ממתין לאישור נויהויז לסנכרון שמו של בימ"ל
B92: WBD-049 | C92: גנים (מכבית) ניידת- הצבת תחמ"ש ניידת | D92: ניידת | E92: בר אור, מעיין | F92: בסיל כהן יפעת | G92: 46142 | H92: 46142 | K92: ="WBS: " & B92 & CHAR(10) & "שם פרויקט: " & C92 & CHAR(10) & "מנה״פ: " & E92 & CHAR(10) & "יעד תכנית פיתוח: " & TEXT(G92,"dd/mm/yyyy") & CHAR(10) & "יעד מסתמן: " & TEXT(H92,"dd/mm/yyyy") -> WBS: WBD-049 שם פרויקט: גנים (מכבית) ניידת- הצבת תחמ"ש ניידת מנה״פ: בר אור, מעיין יעד תכנית פיתוח: 30/04/2026 יעד מסתמן: 30/04/2026 | M92: כלל המסמכים וגרמושקה חתומה נשלחו לעירייה והתחילה בתהליך קבלת ההיתר - יש מחלוקת מול עירייה וממתינים לכניסה לוועדה עד לפתרון המחלוקת. 05/01/26 - פגישה עם מנכ"ל העירייה - לטובת יישוב המחלוקות. היבט תכנוני - קבלת הערות סופיות מהמתכנן החיצוני לטובת RFT סופי | N92: כלל המסמכים וגרמושקה חתומה נשלחו לעירייה והתחילה בתהליך קבלת ההיתר - יש מחלוקת מול עירייה וממתינים לכניסה לוועדה עד לפתרון המחלוקת. 05/01/26 - פגישה עם מנכ"ל העירייה - לטובת יישוב המחלוקות. היבט תכנוני - קבלת הערות סופיות מהמתכנן החיצוני לטובת RFT סופי | O92: כלל המסמכים וגרמושקה חתומה נשלחו לעירייה והתחילה בתהליך קבלת ההיתר - יש מחלוקת מול עירייה וממתינים לכניסה לוועדה עד לפתרון המחלוקת. 05/01/26 - פגישה עם מנכ"ל העירייה - לטובת יישוב המחלוקות. היבט תכנוני - קבלת הערות סופיות מהמתכנן החיצוני לטובת RFT סופי | P92: המשך ישיבות תיאום. תלות בהעברת עומסים לקריית אריה. צפי - 04/2026 | Q92: המשך ישיבות תיאום. תלות בהעברת עומסים לקריית אריה. צפי - 04/2026 | R92: המשך ישיבות תיאום. תלות בהעברת עומסים לקריית אריה. צפי - 04/2026 | S92: המשך ישיבות תיאום. תלות בהעברת עומסים לקריית אריה. צפי - 05/2026 | T92: המשך ישיבות תיאום. תלות בהעברת עומסים לקריית אריה. צפי - 05/2026 | U92: המשך ישיבות תיאום. תלות בהעברת עומסים לקריית אריה. צפי - 05/2026 | V92: המשך ישיבות תיאום. תלות בהעברת עומסים לקריית אריה. צפי - 07/2026. | W92: המשך ישיבות תיאום. תלות בהעברת עומסים לקריית אריה. צפי - 07/2026.
B93: WBC-027 | C93: גבעתיים - הקמת תחמ"ש פנימית 161/24 ק"ו | D93: הקמה | E93: בר אור, מעיין | F93: בסיל כהן יפעת | G93: 45853 | H93: חושמל | J93: טופס 4 | K93: ="WBS: " & B93 & CHAR(10) & "שם פרויקט: " & C93 & CHAR(10) & "מנה״פ: " & E93 & CHAR(10) & "יעד תכנית פיתוח: " & TEXT(G93,"dd/mm/yyyy") & CHAR(10) & "יעד מסתמן: " & TEXT(H93,"dd/mm/yyyy") -> WBS: WBC-027 שם פרויקט: גבעתיים - הקמת תחמ"ש פנימית 161/24 ק"ו מנה״פ: בר אור, מעיין יעד תכנית פיתוח: 15/07/2025 יעד מסתמן: חושמל | M93: 22/01/2026 - צפי סיום עבודות קבלן על פי הערות מחלקת תשתיות לאחר סיור משותף -לאישור מחלקת תשתיות | N93: 22/01/2026 - צפי סיום עבודות קבלן על פי הערות מחלקת תשתיות לאחר סיור משותף -לאישור מחלקת תשתיות . טופס 4- התקדמות בהעברת כלל הממכים הנדרשים לקבלת טופס 4 | O93: 4/2/2026 - צפי סיום עבודות קבלן על פי הערות מחלקת תשתיות לאחר סיור משותף -לאישור מחלקת תשתיות . טופס 4- התקדמות בהעברת כלל הממכים הנדרשים לקבלת טופס 4 | P93: טופס 4 - התקדמות מול כלל הנושאים. דגש על בנייה ירוקה. צפי לקבלת תעודת גמר - 04/2026 | Q93: טופס 4 - התקדמות מול כלל הנושאים. סיום עבודות אזרחיות לבקשת מחלקת תשתיות העירייה. צפי קבלת אישור מח' תשתיות - 02/2026. המשך עבודות מול יועץ לטובת בנייה ירוקה. צפי לקבלת תעודת גמר - 04/2026 | R93: טופס 4 - התקדמות מול כלל הנושאים. סיום עבודות אזרחיות לבקשת מחלקת תשתיות העירייה. צפי קבלת אישור מח' תשתיות - 02/2026. המשך עבודות מול יועץ לטובת בנייה ירוקה. צפי לקבלת תעודת גמר - 04/2026 | S93: טופס 4 - התקדמות מול כלל הנושאים. סיום עבודות אזרחיות לבקשת מחלקת תשתיות העירייה. צפי קבלת אישור מח' תשתיות - 03/2026. המשך עבודות מול יועץ לטובת בנייה ירוקה. צפי לקבלת תעודת גמר - 04/2026 | T93: טופס 4 - התקדמות מול כלל הנושאים. סיום עבודות אזרחיות לבקשת מחלקת תשתיות העירייה. צפי קבלת אישור מח' תשתיות - 03/2026. המשך עבודות מול יועץ לטובת בנייה ירוקה. צפי לקבלת תעודת גמר - 04/2026 | U93: טופס 4 - התקדמות מול כלל הנושאים. סיום עבודות אזרחיות לבקשת מחלקת תשתיות העירייה. צפי קבלת אישור מח' תשתיות - 03/2026. המשך עבודות מול יועץ לטובת בנייה ירוקה. צפי לקבלת תעודת גמר - 04/2026 | V93: טופס 4 - התקדמות מול כלל הנושאים. סיום עבודות אזרחיות לבקשת מחלקת תשתיות העירייה. צפי קבלת אישור מח' תשתיות, גביה -סוף 03/2026. המשך עבודות מול יועץ לטובת בנייה ירוקה. צפי לקבלת תעודת גמר - 04/2026 | W93: טופס 4 - התקדמות מול כלל הנושאים. סיום עבודות אזרחיות לבקשת מחלקת תשתיות העירייה. צפי קבלת אישור מח' תשתיות, גביה -סוף 03/2026. המשך עבודות מול יועץ לטובת בנייה ירוקה. צפי לקבלת תעודת גמר - 04/2026
B94: WBE-204 | C94: אשלים-התקנת 2 שנאים 50 מגוו"א | D94: הרחבה | E94: בר אור, מעיין | F94: בסיל כהן יפעת | G94: 46111 | H94: 46356 | J94: עבודה אזרחית | K94: ="WBS: " & B94 & CHAR(10) & "שם פרויקט: " & C94 & CHAR(10) & "מנה״פ: " & E94 & CHAR(10) & "יעד תכנית פיתוח: " & TEXT(G94,"dd/mm/yyyy") & CHAR(10) & "יעד מסתמן: " & TEXT(H94,"dd/mm/yyyy") -> WBS: WBE-204 שם פרויקט: אשלים-התקנת 2 שנאים 50 מגוו"א מנה״פ: בר אור, מעיין יעד תכנית פיתוח: 30/03/2026 יעד מסתמן: 30/11/2026 | M94: 30/12/25 - עלייה לקרקע של הקבלן | N94: בביצוע עבודות אזרחיות | O94: בביצוע עבודות אזרחיות | P94: ביצוע עבודות אזרחיות. | Q94: ביצוע עבודות אזרחיות. | R94: ביצוע עבודות אזרחיות. | S94: ביצוע עבודות אזרחיות. | T94: ביצוע עבודות אזרחיות. | U94: ביצוע עבודות אזרחיות. | V94: ביצוע עבודות אזרחיות. | W94: המשך ביצוע עבודות אזרחיות. יסודות טרומיים בוצעו כמעט במלואם
B95: WBE-180 | C95: אשלים-PV3- התקנת שני שדות קווים 161/24 ק"ו | D95: הרחבה | E95: בר אור, מעיין | F95: בסיל כהן יפעת | G95: 46418 | H95: 46356 | J95: עבודה אזרחית | K95: ="WBS: " & B95 & CHAR(10) & "שם פרויקט: " & C95 & CHAR(10) & "מנה״פ: " & E95 & CHAR(10) & "יעד תכנית פיתוח: " & TEXT(G95,"dd/mm/yyyy") & CHAR(10) & "יעד מסתמן: " & TEXT(H95,"dd/mm/yyyy") -> WBS: WBE-180 שם פרויקט: אשלים-PV3- התקנת שני שדות קווים 161/24 ק"ו מנה״פ: בר אור, מעיין יעד תכנית פיתוח: 31/01/2027 יעד מסתמן: 30/11/2026 | M95: 30/12/25 - עלייה לקרקע של הקבלן | N95: בביצוע עבודות אזרחיות | O95: בביצוע עבודות אזרחיות | P95: ביצוע עבודות אזרחיות. תיאום עבודות ביסוס של עמודי מ"ע | Q95: ביצוע עבודות אזרחיות. תיאום עבודות ביסוס של עמודי מ"ע | R95: ביצוע עבודות אזרחיות. תיאום עבודות ביסוס של עמודי מ"ע | S95: ביצוע עבודות אזרחיות. | T95: ביצוע עבודות אזרחיות. | U95: ביצוע עבודות אזרחיות. | V95: ביצוע עבודות אזרחיות. | W95: המשך ביצוע עבודות אזרחיות. יסודות טרומיים בוצעו כמעט במלואם
B96: WBK-021 | C96: אבן ספיר-התקנת שנאי קישור 400/161 ק"ו שלישי, 575 מגוו"א | D96: הרחבה | E96: בר אור, מעיין | F96: בסיל כהן יפעת | G96: 46418 | H96: 46660 | J96: הקפאת תצורה | K96: ="WBS: " & B96 & CHAR(10) & "שם פרויקט: " & C96 & CHAR(10) & "מנה״פ: " & E96 & CHAR(10) & "יעד תכנית פיתוח: " & TEXT(G96,"dd/mm/yyyy") & CHAR(10) & "יעד מסתמן: " & TEXT(H96,"dd/mm/yyyy") -> WBS: WBK-021 שם פרויקט: אבן ספיר-התקנת שנאי קישור 400/161 ק"ו שלישי, 575 מגוו"א מנה״פ: בר אור, מעיין יעד תכנית פיתוח: 31/01/2027 יעד מסתמן: 30/09/2027 | M96: בתהליך אספקת ציוד: 10/2026 - אספקת אוטושנאים 07/2027 - אספקת 2 דיאמטרים 400 ק"ו - התאריך אספקה אינו תומך בתאריך תכנית הפיתוח - יש לעדכן. 28/01/26 - צפי סיור שטח לפרויקטים 021, 014 ושו"ש סוללות קבלים 10/2026 - צפי קבלת בנק שנאי | N96: בתהליך אספקת ציוד: 10/2026 - אספקת אוטושנאים 07/2027 - אספקת 2 דיאמטרים 400 ק"ו - התאריך אספקה אינו תומך בתאריך תכנית הפיתוח - יש לעדכן. 28/01/26 - צפי סיור שטח לפרויקטים 021, 014 ושו"ש סוללות קבלים 10/2026 - צפי קבלת בנק שנאי | O96: בתהליך אספקת ציוד: 10/2026 - אספקת אוטושנאים 07/2027 - אספקת 2 דיאמטרים 400 ק"ו - התאריך אספקה אינו תומך בתאריך תכנית הפיתוח - יש לעדכן. 28/01/26 - צפי סיור שטח לפרויקטים 021, 014 ושו"ש סוללות קבלים 10/2026 - צפי קבלת בנק שנאי | P96: דחיית קבלת כ"כ מתכנון ל 08/2026. צפי קבלת אוטושנאים 10/2026 | Q96: דחיית קבלת כ"כ מתכנון ל 08/2026. צפי קבלת אוטושנאים 10/2026 | R96: דחיית קבלת כ"כ מתכנון ל 08/2026. צפי קבלת אוטושנאים 10/2026 | S96: דחיית קבלת כ"כ מתכנון ל 08/2026. צפי קבלת אוטושנאים 10/2026 | T96: דחיית קבלת כ"כ מתכנון ל 08/2026. צפי קבלת אוטושנאים 10/2026 | U96: דחיית קבלת כ"כ מתכנון ל 08/2026. צפי קבלת אוטושנאים 10/2026 | V96: דחיית קבלת כ"כ מתכנון ל 08/2026. צפי קבלת אוטושנאים 10/2026. דחיית ישיבת הקפאת תצורה מאחר ועדיין לא התקבלו תכניות יצרן | W96: דחיית קבלת כ"כ מתכנון ל 08/2026. צפי קבלת אוטושנאים 10/2026. בתאריך 25.3- נקבעה ישיבת הקפאת תצורה, וסיור בשטח לאחר החג | Y96: חסם לטיפול מנהל מגזר תכנון
B97: WBK-014 | C97: אבן ספיר-הרחבת תחמ"ג וחיבור שנאי קישור שלישי 453 | D97: הרחבה | E97: בר אור, מעיין | F97: בסיל כהן יפעת | G97: 46934 | H97: 47087 | J97: הקפאת תצורה | K97: ="WBS: " & B97 & CHAR(10) & "שם פרויקט: " & C97 & CHAR(10) & "מנה״פ: " & E97 & CHAR(10) & "יעד תכנית פיתוח: " & TEXT(G97,"dd/mm/yyyy") & CHAR(10) & "יעד מסתמן: " & TEXT(H97,"dd/mm/yyyy") -> WBS: WBK-014 שם פרויקט: אבן ספיר-הרחבת תחמ"ג וחיבור שנאי קישור שלישי 453 מנה״פ: בר אור, מעיין יעד תכנית פיתוח: 30/06/2028 יעד מסתמן: 30/11/2028 | M97: בתהליך אספקת ציוד: 10/2026 - אספקת אוטושנאים 07/2027 - אספקת 2 דיאמטרים 400 ק"ו - התאריך אספקה אינו תומך בתאריך תכנית הפיתוח - יש לעדכן. 28/01/26 - צפי סיור שטח לפרויקטים 021, 014 ושו"ש סוללות קבלים 10/2026 - צפי קבלת בנק שנאי | N97: בתהליך אספקת ציוד: 10/2026 - אספקת אוטושנאים 07/2027 - אספקת 2 דיאמטרים 400 ק"ו - התאריך אספקה אינו תומך בתאריך תכנית הפיתוח - יש לעדכן. 28/01/26 - צפי סיור שטח לפרויקטים 021, 014 ושו"ש סוללות קבלים 10/2026 - צפי קבלת בנק שנאי | O97: בתהליך אספקת ציוד: 10/2026 - אספקת אוטושנאים 07/2027 - אספקת 2 דיאמטרים 400 ק"ו - התאריך אספקה אינו תומך בתאריך תכנית הפיתוח - יש לעדכן. 28/01/26 - צפי סיור שטח לפרויקטים 021, 014 ושו"ש סוללות קבלים 10/2026 - צפי קבלת בנק שנאי | P97: בתהליך אספקת ציוד | Q97: בתהליך אספקת ציוד | R97: בתהליך אספקת ציוד | S97: בתהליך אספקת ציוד | T97: בתהליך אספקת ציוד ותהליך פטור מהיתר | U97: בתהליך אספקת ציוד ותהליך פטור מהיתר | V97: בתהליך אספקת ציוד ותהליך פטור מהיתר | W97: בתהליך אספקת ציוד ותהליך פטור מהיתר | Y97: חסם לטיפול מנהל מגזר תכנון
B98: WBJ-015 | C98: דן- הקמת תחמ"ג | D98: הקמה | E98: ברח'ד, טובה | F98: גולדשטיין אורית | G98: 47847 | H98: 47847 | J98: תכנון | K98: ="WBS: " & B98 & CHAR(10) & "שם פרויקט: " & C98 & CHAR(10) & "מנה״פ: " & E98 & CHAR(10) & "יעד תכנית פיתוח: " & TEXT(G98,"dd/mm/yyyy") & CHAR(10) & "יעד מסתמן: " & TEXT(H98,"dd/mm/yyyy") -> WBS: WBJ-015 שם פרויקט: דן- הקמת תחמ"ג מנה״פ: ברח'ד, טובה יעד תכנית פיתוח: 30/12/2030 יעד מסתמן: 30/12/2030 | M98: ב 18.12.25 הוגשה בקשה להיתר ונתקבלו הערות והשלמות לתנאי הסף מהות"ל. פינוי תשתיות: תש"א-הסכם חומרים אושר בועדת מכזים. הסכם ביצוע בשלבי מו"מ.קצא"א- הסכם חומרים במו"מ. הסכם ביצוע טרם נתקבל בחח"י. שאר ההסכמים טרם נחתמו (יכין, מקורות וכ"ו) | N98: נקבעה ישיבה עם נציגי הות"ל בנושאי כבישים ונוף. צפי להזמנת תכנון למכרז לתכנון אזרחי: 30.01.2026 פינוי תשתיות: תש"א-הסכם חומרים אושר בועדת מכזים נמצא בשלב חתימות. הסכם ביצוע בשלבי מו"מ.קצא"א- הסכם חומרים במו"מ. הסכם ביצוע טרם נתקבל בחח"י. הסכם תכנון קו מקורות הועבר לאישור ועדת מכרזים. הסכם העתקת קו מים יכין חכ"ל הועבר לאישור ועדת מכרזים (העתקה מותנית בהסדרת דרך גישה חלופית לדרך החקלאית ) שאר ההסכמים טרם נחתמו | O98: נקבעה ישיבה עם נציגי הות"ל בנושאי כבישים ונוף. צפי להזמנת תכנון למכרז לתכנון אזרחי: 30.01.2026 פינוי תשתיות: תש"א-הסכם חומרים אושר בועדת מכזים נמצא בשלב חתימות. הסכם ביצוע בשלבי מו"מ.קצא"א- הסכם חומרים הוסכם. נספח סופי הועבר לועדת מכרזים לאישור והמשך תהליך. טיוטת הסכם ביצוע נתקבל בחח"י ב 22.1.26. הסכם תכנון קו מקורות הועבר לאישור ועדת מכרזים. הסכם העתקת קו מים יכין חק"ל הועבר לאישור ועדת מכרזים (העתקה מותנית בהסדרת דרך גישה חלופית לדרך החקלאית ) שאר ההסכמים טרם נחתמו התקיימה ישיבת סופרפוזיציה על תכנון פינוי התשתיות לכלל מתכנני חח"י. הועברה הנחיה שאין לתכנן ולהקים תשתיות חשמל בשטח רצועת התשתיות העתידית. | P98: הזמנת תכנון למכרז הופצה ב 29.01.2026 ממשיכים במילוי דרישות תנאי הסף לבקשה שהוגשה לות"ל ב 12/2025 נערכה ישיבה עם הות"ל בנושא כבישים ונוף. | Q98: הזמנת תכנון למכרז הופצה ב 29.01.2026 | R98: הזמנת תכנון למכרז הופצה ב 29.01.2026 צפי סיום תכנון למכרז יולי 2026 ב 15.02.2026 התקיימה פגישה עם חברת יכין חכ"ל לתיאום נושאים הקשורים אליהם (שטח התארגנות, העתקת קו מים, פיצוי הפסד שטחים חקלאיים) לדרישתם - נדרש להסדיר אישור סטאטוטורי לדרך החלופית לדרך החוצה את המגרש. הנושא יבחן בישיבה שתיקבע עם נת"י | S98: הושלמו כל תנאי הסף להיתר, טרם התקבל מועד לדיון בועדת הות"ל. | T98: הושלמו כל תנאי הסף להיתר, טרם התקבל מועד לדיון בועדת הות"ל. | U98: נתקבלו מועדת הות"ל תיקוני גרפיקה לתוכנית. צפי לסיום התיקונים בימים הקרובים. טרם התקבל מועד לדיון בועדת הות"ל. הסכם חומרים סופי חתום טרם נשלח לקצא"א לחתימה,. ללא קבלת הסכם חתום ע"י קצא"א לא יועבר תשלום ועל כן לא יתחיל תהליך הזמנת החומרים שצפוי לקחת מספר חודשים ונמצא בעיכוב משמעותי. הסכם חומרים סופי חתום נשלח לתש"א לחתימה ללא עימות משפטי מטעם חח"י ועל כן הנושא מתעכב. ללא קבלת הסכם חתום ע"י תש"א לא יועבר תשלום ועל כן לא יתחיל תהליך הזמנת החומרים שצפוי לקחת מספר חודשים ונמצא בעיכוב משמעותי. | V98: נתקבלו מועדת הות"ל תיקוני גרפיקה לתוכנית. צפי לסיום התיקונים בימים הקרובים. טרם התקבל מועד לדיון בועדת הות"ל. הסכם חומרים סופי חתום טרם נשלח לקצא"א לחתימה. הסכם חומרים סופי חתום נשלח לתש"א לחתימה אך טרם נתקבל חתום על ידם. ללא קבלת הסכם חתום ע"י תש"א לא יועבר תשלום ועל כן לא יתחיל תהליך הזמנת החומרים שצפוי לקחת מספר חודשים ונמצא בעיכוב משמעותי. | W98: תקבלו מועדת הות"ל תיקוני גרפיקה לתוכנית. צפי לסיום התיקונים בימים הקרובים. טרם התקבל מועד לדיון בועדת הות"ל. הסכם חומרים סופי נחתם ע"י קצא"א ב 22.03.2026. הסכם חומרים סופי חתום נשלח לתש"א לחתימה אך טרם נתקבל חתום על ידם. ללא קבלת הסכם חתום ע"י תש"א לא יועבר תשלום ועל כן לא יתחיל תהליך הזמנת החומרים שצפוי לקחת מספר חודשים ונמצא בעיכוב משמעותי. ב 22.03.2026 התקיימהישיבה עם מנכ"ל נשרד האנרגיה והנהלת חח"י לקידום נושאים פתוחים במסגרת המו"מ עם חברות הדלק על הסכמי הביצוע. מנהלת הפרויקט מתריעה כי נדרש לצרף גורם מקצועי מטעם חח"י לניהול החוזה וליווי התכנון החיצוני להעתקת הקוים. | X98: 1. עמידה בלוחות זמני פינוי תשתיות: בעיכוב פינוי קוי דלק לרבות עיכוב ביעד חתימת חוזים 2. הסדרת נושאים סטטטוריים - תש"א וקצא"א. 3. הסדרת דרך חלופית לדרך חקלאית בהיבט סטאטוטורי 4. פינוי מנחת 5. לוז קבלת היתר מול הות"ל | Y98: חסם לטיפול מנהלת מחלקה
A99: כן | B99: WBE-283 | C99: צחר-הקמת שדה קו חיבור כבל תת"ק משדה עמיאל | D99: הרחבה | E99: ברח'ד, טובה | F99: גולדשטיין אורית | G99: 46783 | H99: 46721 | J99: עבודה אזרחית | K99: ="WBS: " & B99 & CHAR(10) & "שם פרויקט: " & C99 & CHAR(10) & "מנה״פ: " & E99 & CHAR(10) & "יעד תכנית פיתוח: " & TEXT(G99,"dd/mm/yyyy") & CHAR(10) & "יעד מסתמן: " & TEXT(H99,"dd/mm/yyyy") -> WBS: WBE-283 שם פרויקט: צחר-הקמת שדה קו חיבור כבל תת"ק משדה עמיאל מנה״פ: ברח'ד, טובה יעד תכנית פיתוח: 31/01/2028 יעד מסתמן: 30/11/2027 | M99: עבודות אזרחיות מבוצעות ע"י קבלן ההקמה | N99: עבודות אזרחיות מבוצעות ע"י קבלן ההקמה | O99: עבודות אזרחיות מבוצעות ע"י קבלן ההקמה | P99: עבודות אזרחיות מבוצעות ע"י קבלן ההקמה | Q99: עבודות אזרחיות מבוצעות ע"י קבלן ההקמה | R99: עבודות אזרחיות מבוצעות ע"י קבלן ההקמה | S99: עבודות אזרחיות מבוצעות ע"י קבלן ההקמה | T99: לאור מבצע "שאגת הארי" והמצב הביטחוני - הופסקה הפעילות באתר החל מ 01.03.2026 לאור זאת הרכבה חשמלית דחתה את כניסתה לאתר בשלב זה וצפוי עיכוב ביעדי הפרויקט | U99: לאור מבצע "שאגת הארי" והמצב הביטחוני - הופסקה הפעילות באתר החל מ 01.03.2026 לאור זאת הרכבה חשמלית דחתה את כניסתה לאתר בשלב זה וצפוי עיכוב ביעדי הפרויקט | V99: לאור מבצע "שאגת הארי" והמצב הביטחוני - הופסקה הפעילות באתר החל מ 01.03.2026 לאור זאת הרכבה חשמלית דחתה את כניסתה לאתר בשלב זה וצפוי עיכוב ביעדי הפרויקט | W99: לאור מבצע "שאגת הארי" והמצב הביטחוני - הופסקה הפעילות באתר החל מ 01.03.2026 לאור זאת הרכבה חשמלית דחתה את כניסתה לאתר בשלב זה וצפוי עיכוב ביעדי הפרויקט | X99: לאור מבצע "שאגת הארי" והמצב הביטחוני - הופסקה הפעילות באתר החל מ 01.03.2026 | Y99: חסם לטיפול מנהל מגזר ביצוע
A100: כן | B100: WBC-007 | C100: צחר- הקמת תחמש חיצונית 161/24 ק"ו | D100: הקמה | E100: ברח'ד, טובה | F100: גולדשטיין אורית | G100: 46356 | H100: 46325 | J100: עבודה אזרחית | K100: ="WBS: " & B100 & CHAR(10) & "שם פרויקט: " & C100 & CHAR(10) & "מנה״פ: " & E100 & CHAR(10) & "יעד תכנית פיתוח: " & TEXT(G100,"dd/mm/yyyy") & CHAR(10) & "יעד מסתמן: " & TEXT(H100,"dd/mm/yyyy") -> WBS: WBC-007 שם פרויקט: צחר- הקמת תחמש חיצונית 161/24 ק"ו מנה״פ: ברח'ד, טובה יעד תכנית פיתוח: 30/11/2026 יעד מסתמן: 30/10/2026 | M100: עבודות קבלן אזרחי על המבנים(מסדר 24, חדר פיקוד ויסודות למסדר 161) יסודות לשנאים הסתיימו. צפי כניסת הרכבה 15.02.26 - מותנה במוכנות בשטח. | N100: עבודות קבלן אזרחי על המבנים(מסדר 24, חדר פיקוד ויסודות למסדר 161) יסודות לשנאים הסתיימו. צפי כניסת הרכבה לקראת סוף פברואר - מסתמן עיכוב ביעדי מסירה אזרחית לאור מזג האויר. | O100: עבודות קבלן אזרחי על המבנים צפי קבלת חבילות מסירה להרכבה חשמלית לפי סיכום עם הקבלן . | P100: עבודות קבלן אזרחי על המבנים צפי קבלת חבילות מסירה להרכבה חשמלית לפי סיכום עם הקבלן לקראת סוף פברואר 2026 | Q100: עבודות קבלן אזרחי על המבנים צפי קבלת חבילות מסירה להרכבה חשמלית לפי סיכום עם הקבלן לקראת סוף פברואר 2026 | R100: יעד לכניסת הרכבה חשמלית: 24.02.2026 החלו בהנחת צנרת HDP. צפי למסירה אזרחית של מסדר 161 - 28.02.2026 ממשיכים בייצור ארונות לתחנה דיגיטלית. צפי אספקה: מאי 2026 (תואם ליעד סיום המבנים ללא מערכות). | S100: מכולות להתארגנות של מחלקת הרכבה חשמלית יוכנסו לאתר ב 24.02.2026 - בעיכוב של כשבועיים מהיעד המקורי לאור מזג האויר החורפי שהשפיע על התקדמות הקבלן. צפי תחילת אספקות ב 1.3.2026 קבלן הולכה להנחת צנרת מחוץ לשטח לשטח התחמ"ש צפוי להיכנס לעבודה במהלך השבועיים הקרובים | T100: מכולות להתארגנות של מחלקת הרכבה חשמלית הוכנסו לאתר ב 24.02.2026. לאור מבצע "שאגת הארי" והמצב הביטחוני - הופסקה הפעילות באתר החל מ 01.03.2026 לאור זאת הרכבה חשמלית דחתה את כניסתה לאתר בשלב זה וצפוי עיכוב ביעדי הפרויקט | U100: לאור מבצע "שאגת הארי" והמצב הביטחוני - הופסקה הפעילות באתר החל מ 01.03.2026. ב 08.03.2026 נעשה ניסיון לחזור לפעילות באתר אך מרבית הקבלנים מתנגדים להגיע. לאור זאת הרכבה חשמלית דחתה את כניסתה לאתר בשלב זה וצפוי עיכוב ביעדי הפרויקט | V100: לאור מבצע "שאגת הארי" והמצב הביטחוני - הופסקה הפעילות באתר החל מ 01.03.2026. ב 08.03.2026 נעשה ניסיון לחזור לפעילות באתר אך מרבית הקבלנים מתנגדים להגיע. לאור זאת הרכבה חשמלית דחתה את כניסתה לאתר בשלב זה וצפוי עיכוב ביעדי הפרויקט | W100: לאור מבצע "שאגת הארי" והמצב הביטחוני - הופסקה הפעילות באתר החל מ 01.03.2026. ב 23.03.2026 קבלן השלד חזר לאתר עם צוות עובדים מצומצם על מנת לקדם את העבודה האזרחית בפרויקט. לאור זאת הרכבה חשמלית דחתה את כניסתה לאתר בשלב זה וצפוי עיכוב ביעדי הפרויקט. קבלן להנחת צנרת מ"ע טרם נכנס לעבודה לאור המצב הביטחוני - מנהלת הפרויקט מתריעה על צפי באי עמידה בלו"ז הנדרשב 24.03.2026 צפויה להגיע מיגונית נוספת לאתר במטרה לדרבן את הקבלן להגדיל את מצבת כח האדם בשטח. | X100: לאור מבצע "שאגת הארי" והמצב הביטחוני - הופסקה הפעילות באתר החל מ 01.03.2026 וצפוי עיכוב ביעדי הפרויקט לאור זאת הרכבה חשמלית דחתה את כניסתה לאתר בשלב זה וצפוי עיכוב ביעדי הפרויקט | Y100: חסם לטיפול מנהל מגזר ביצוע
B101: WBC-004 | C101: ביכורים (אסיף)-הקמת תחמ"ש פנימית 161/24 | D101: הקמה | E101: ברח'ד, טובה | F101: גולדשטיין אורית | G101: 47118 | H101: 46934 | J101: תכנון | K101: ="WBS: " & B101 & CHAR(10) & "שם פרויקט: " & C101 & CHAR(10) & "מנה״פ: " & E101 & CHAR(10) & "יעד תכנית פיתוח: " & TEXT(G101,"dd/mm/yyyy") & CHAR(10) & "יעד מסתמן: " & TEXT(H101,"dd/mm/yyyy") -> WBS: WBC-004 שם פרויקט: ביכורים (אסיף)-הקמת תחמ"ש פנימית 161/24 מנה״פ: ברח'ד, טובה יעד תכנית פיתוח: 31/12/2028 יעד מסתמן: 30/06/2028 | M101: בהקפאה | N101: בהקפאה | O101: בהקפאה | P101: בהקפאה | Q101: ישיבה בנוכחות: יונה יהב, מנכ"ל נגה, והנהלת חח"י נקבעה ל 16.2.2026 | R101: ישיבה בנוכחות: יונה יהב, מנכ"ל נגה, והנהלת חח"י נקבעה ל 16.2.2026 | S101: ב 16.02.2026 התקיימה ישיבה במעמד ראש העיר וסמנכ"ל נגה. סוכם שהעיריה תפנה את חח"י למשרד אדריכלות לשינוי נראות המבנה. טרם נתקבל פרוטוקול מישיבה זו. | T101: ב 16.02.2026 התקיימה ישיבה במעמד ראש העיר וסמנכ"ל נגה. סוכם שהעיריה תפנה את חח"י למשרד אדריכלות לשינוי נראות המבנה. טרם נתקבל פרוטוקול מישיבה זו. | U101: ב 16.02.2026 התקיימה ישיבה במעמד ראש העיר וסמנכ"ל נגה. סוכם שהעיריה תפנה את חח"י למשרד אדריכלות לשינוי נראות המבנה. טרם נתקבל פרוטוקול מישיבה זו. | V101: ב 16.02.2026 התקיימה ישיבה במעמד ראש העיר וסמנכ"ל נגה. סוכם שהעיריה תפנה את חח"י למשרד אדריכלות לשינוי נראות המבנה. טרם נתקבל פרוטוקול מישיבה זו. | W101: ב 16.02.2026 התקיימה ישיבה במעמד ראש העיר וסמנכ"ל נגה. סוכם שהעיריה תפנה את חח"י למשרד אדריכלות לשינוי נראות המבנה. טרם נתקבל פרוטוקול מישיבה זו.
...
